-- --------------------------------------------------------
-- Host:                         127.0.0.1
-- Server version:               10.1.31-MariaDB - mariadb.org binary distribution
-- Server OS:                    Win32
-- HeidiSQL Version:             9.5.0.5196
-- --------------------------------------------------------

/*!40101 SET @OLD_CHARACTER_SET_CLIENT=@@CHARACTER_SET_CLIENT */;
/*!40101 SET NAMES utf8 */;
/*!50503 SET NAMES utf8mb4 */;
/*!40014 SET @OLD_FOREIGN_KEY_CHECKS=@@FOREIGN_KEY_CHECKS, FOREIGN_KEY_CHECKS=0 */;
/*!40101 SET @OLD_SQL_MODE=@@SQL_MODE, SQL_MODE='NO_AUTO_VALUE_ON_ZERO' */;


-- Dumping database structure for bisnis_tamma
CREATE DATABASE IF NOT EXISTS `bisnis_tamma` /*!40100 DEFAULT CHARACTER SET latin1 */;
USE `bisnis_tamma`;

-- Dumping structure for table bisnis_tamma.d_access
CREATE TABLE IF NOT EXISTS `d_access` (
  `a_id` int(11) NOT NULL AUTO_INCREMENT,
  `a_name` varchar(50) DEFAULT NULL,
  `a_parrent` int(11) DEFAULT NULL,
  `a_order` int(11) DEFAULT NULL,
  PRIMARY KEY (`a_id`)
) ENGINE=InnoDB AUTO_INCREMENT=68 DEFAULT CHARSET=latin1;

-- Dumping data for table bisnis_tamma.d_access: ~67 rows (approximately)
/*!40000 ALTER TABLE `d_access` DISABLE KEYS */;
INSERT INTO `d_access` (`a_id`, `a_name`, `a_parrent`, `a_order`) VALUES
	(1, 'Master', NULL, 1),
	(2, 'Data Supplier', 1, 2),
	(3, 'Data Customer', 2, 3),
	(4, 'Data Bahan Baku', 3, 4),
	(5, 'Data Jenis Produksi', 4, 5),
	(6, 'Data Pegawai ', 5, 6),
	(7, 'Data Akun Keuangan ', 6, 7),
	(8, 'Data Transaksi keuangan ', 7, 8),
	(9, 'Data Barang', 8, 9),
	(10, 'Purchasing', 0, 10),
	(11, 'Rencana Bahan Baku Produksi', 1, 11),
	(12, 'Rencana Pembelian', 2, 12),
	(13, 'Order Pembelian ', 3, 13),
	(14, 'Belanja Harian', 4, 14),
	(15, 'Return pembelian', 5, 15),
	(16, 'Inventory', NULL, 16),
	(17, 'Penerimaan Barang Supplier', 1, 17),
	(18, 'Penerimaan Barang Hasil Produksi', 2, 18),
	(19, 'Penerimaan Barang Return Customer', 3, 19),
	(20, 'Barang digunakan', 4, 20),
	(21, 'Stock Opname', 5, 21),
	(22, 'Produksi', NULL, 22),
	(23, 'Monitoring Order & Stock', 1, 23),
	(24, 'Rencana Produksi', 2, 24),
	(25, 'Manajemen SPK', 3, 25),
	(26, 'Manajemen Output Produksi', 4, 26),
	(27, 'Manajemen Sampah (Waste)', 5, 27),
	(28, 'Penjualan', NULL, 28),
	(29, 'Manajemen Harga', 1, 29),
	(30, 'Manajemen Promosi', 2, 30),
	(31, 'Broadcast Promosi Via Email ', 3, 31),
	(32, 'Rencana Penjualan', 4, 32),
	(33, 'POS Penjualan Retail ', 5, 33),
	(34, 'Ritail Transfer', 6, 34),
	(35, 'Pos Penjualan Grosir/Online', 7, 35),
	(36, 'Grosir Transfer', 8, 36),
	(37, 'Monitoring Return Penjualalan', 9, 37),
	(38, 'Manajemen Return Penjualan ', 10, 38),
	(39, 'Monitoring Progres Penjualan', 11, 39),
	(40, 'Mutasi Stock & Retail', 12, 40),
	(41, 'HRD', NULL, 41),
	(42, 'Data Karyawan ', 1, 42),
	(43, 'Data Administrasi Pegawai ', 2, 43),
	(44, 'Data Lembur Pegawai ', 3, 44),
	(45, 'Scoreboard Pegawai Per Hari', 4, 45),
	(46, 'Payroll', 5, 46),
	(47, 'Manajemen KPI Pegawai ', 6, 47),
	(48, 'Training Pegawai ', 7, 48),
	(49, 'Recruitment', 8, 49),
	(50, 'Keuangan', NULL, 50),
	(51, 'Manajemen SPK', 1, 51),
	(52, 'Proses Input Transaksi', 2, 52),
	(53, 'Laporan Hutang Piutang ', 3, 53),
	(54, 'Laporan (Jurnal,Buku Besar,Neraca,DLL)', 4, 54),
	(55, 'Analisa Progress Terhadap Perencanaan', 5, 55),
	(56, 'Analisa Net Profit Terhadap OCF', 6, 56),
	(57, 'Analisa Pertumbuhan Aset', 7, 57),
	(58, 'Analisa Cashflow', 8, 58),
	(59, 'Analisa Common Size dan Index', 9, 59),
	(60, 'Analisa Rasio Keuangan ', 10, 60),
	(61, 'Analisa Three Botton Line ', 11, 61),
	(62, 'Analisa ROE', 12, 62),
	(63, 'System', NULL, 63),
	(64, 'Manajemen User', 1, 64),
	(65, 'Manajemen Hak Akses', 2, 65),
	(66, 'Profil Perusahaan', 3, 66),
	(67, 'Tahun Finansial', 4, 67);
/*!40000 ALTER TABLE `d_access` ENABLE KEYS */;

-- Dumping structure for table bisnis_tamma.d_akun
CREATE TABLE IF NOT EXISTS `d_akun` (
  `id_akun` varchar(50) NOT NULL,
  `nama_akun` varchar(255) NOT NULL,
  `kelompok_akun` varchar(100) NOT NULL,
  `posisi_akun` varchar(10) NOT NULL,
  `type_akun` varchar(15) NOT NULL,
  `group_neraca` varchar(20) DEFAULT NULL,
  `group_laba_rugi` varchar(20) DEFAULT NULL,
  `created_at` timestamp NOT NULL DEFAULT CURRENT_TIMESTAMP,
  `updated_at` timestamp NOT NULL DEFAULT CURRENT_TIMESTAMP ON UPDATE CURRENT_TIMESTAMP,
  PRIMARY KEY (`id_akun`)
) ENGINE=InnoDB DEFAULT CHARSET=latin1;

-- Dumping data for table bisnis_tamma.d_akun: ~5 rows (approximately)
/*!40000 ALTER TABLE `d_akun` DISABLE KEYS */;
INSERT INTO `d_akun` (`id_akun`, `nama_akun`, `kelompok_akun`, `posisi_akun`, `type_akun`, `group_neraca`, `group_laba_rugi`, `created_at`, `updated_at`) VALUES
	('1.00', 'KAS', 'Aset Lancar', 'D', 'GENERAL', 'A1-00', NULL, '2018-06-20 12:37:02', '2018-06-20 17:06:00'),
	('1.00.00', 'KAS KECIL', 'KAS', 'D', 'DETAIL', 'A1-00', NULL, '2018-06-21 11:01:07', '2018-06-21 11:01:07'),
	('1.01', 'BANK', 'Aset Lancar', 'D', 'GENERAL', 'A1-01', NULL, '2018-06-20 16:15:51', '2018-06-20 17:06:06'),
	('1.878787', 'Piutang', 'Aset Lancar', 'D', 'GENERAL', 'code01', 'edoc01', '2018-06-28 16:48:32', '2018-06-28 16:48:32'),
	('1.878787.78', 'usaha', 'KAS', 'D', 'DETAIL', 'code01', 'edoc01', '2018-06-28 16:50:42', '2018-06-28 16:50:42');
/*!40000 ALTER TABLE `d_akun` ENABLE KEYS */;

-- Dumping structure for table bisnis_tamma.d_akun_saldo
CREATE TABLE IF NOT EXISTS `d_akun_saldo` (
  `id_akun` varchar(50) NOT NULL,
  `bulan` varchar(20) NOT NULL,
  `tahun` varchar(20) NOT NULL,
  `saldo` double DEFAULT NULL,
  PRIMARY KEY (`id_akun`,`bulan`,`tahun`)
) ENGINE=InnoDB DEFAULT CHARSET=latin1;

-- Dumping data for table bisnis_tamma.d_akun_saldo: ~2 rows (approximately)
/*!40000 ALTER TABLE `d_akun_saldo` DISABLE KEYS */;
INSERT INTO `d_akun_saldo` (`id_akun`, `bulan`, `tahun`, `saldo`) VALUES
	('1.00.00', '06', '2018', 50000000),
	('1.878787.78', '06', '2018', 7999);
/*!40000 ALTER TABLE `d_akun_saldo` ENABLE KEYS */;

-- Dumping structure for table bisnis_tamma.d_delivery_order
CREATE TABLE IF NOT EXISTS `d_delivery_order` (
  `do_id` int(11) NOT NULL AUTO_INCREMENT,
  `do_nota` varchar(50) DEFAULT NULL,
  `do_date_send` date DEFAULT NULL,
  `do_time` time DEFAULT NULL,
  `do_date_received` time DEFAULT NULL,
  `do_insert` timestamp NULL DEFAULT NULL,
  `do_update` datetime DEFAULT NULL,
  PRIMARY KEY (`do_id`)
) ENGINE=InnoDB AUTO_INCREMENT=7 DEFAULT CHARSET=latin1;

-- Dumping data for table bisnis_tamma.d_delivery_order: ~6 rows (approximately)
/*!40000 ALTER TABLE `d_delivery_order` DISABLE KEYS */;
INSERT INTO `d_delivery_order` (`do_id`, `do_nota`, `do_date_send`, `do_time`, `do_date_received`, `do_insert`, `do_update`) VALUES
	(1, 'DO180605-000-1', '2018-06-05', '12:56:05', NULL, '2018-06-05 12:56:05', NULL),
	(2, 'DO180608-000-2', '2018-06-08', '15:46:43', NULL, '2018-06-08 15:46:43', NULL),
	(3, 'DO180624-000-3', '2018-06-24', '20:49:10', NULL, '2018-06-24 20:49:10', NULL),
	(4, 'DO180713-000-4', '2018-07-13', '14:12:23', NULL, '2018-07-13 14:12:23', NULL),
	(5, 'DO180713-000-5', '2018-07-13', '14:34:58', NULL, '2018-07-13 14:34:58', NULL),
	(6, 'DO180713-000-6', '2018-07-13', '14:47:29', NULL, '2018-07-13 14:47:29', NULL);
/*!40000 ALTER TABLE `d_delivery_order` ENABLE KEYS */;

-- Dumping structure for table bisnis_tamma.d_delivery_orderdt
CREATE TABLE IF NOT EXISTS `d_delivery_orderdt` (
  `dod_do` int(11) NOT NULL,
  `dod_detailid` tinyint(4) NOT NULL,
  `dod_prdt_productresult` tinyint(4) NOT NULL,
  `dod_prdt_detail` tinyint(4) NOT NULL,
  `dod_item` int(11) DEFAULT NULL,
  `dod_qty_send` int(11) DEFAULT NULL,
  `dod_date_send` date DEFAULT NULL,
  `dod_time_send` time DEFAULT NULL,
  `dod_qty_received` int(11) DEFAULT '0',
  `dod_date_received` date DEFAULT NULL,
  `dod_time_received` time DEFAULT NULL,
  `dod_status` varchar(2) DEFAULT 'WT' COMMENT 'WT : Waiting | FN : Finish',
  `dod_insert` timestamp NULL DEFAULT NULL,
  `dod_update` datetime DEFAULT NULL,
  PRIMARY KEY (`dod_do`,`dod_detailid`),
  CONSTRAINT `FK_d_delivery_orderdt_d_delivery_order` FOREIGN KEY (`dod_do`) REFERENCES `d_delivery_order` (`do_id`)
) ENGINE=InnoDB DEFAULT CHARSET=latin1;

-- Dumping data for table bisnis_tamma.d_delivery_orderdt: ~6 rows (approximately)
/*!40000 ALTER TABLE `d_delivery_orderdt` DISABLE KEYS */;
INSERT INTO `d_delivery_orderdt` (`dod_do`, `dod_detailid`, `dod_prdt_productresult`, `dod_prdt_detail`, `dod_item`, `dod_qty_send`, `dod_date_send`, `dod_time_send`, `dod_qty_received`, `dod_date_received`, `dod_time_received`, `dod_status`, `dod_insert`, `dod_update`) VALUES
	(1, 1, 1, 1, 320, 10, '2018-06-05', '12:56:05', 10, '2018-06-05', '10:15:00', 'FN', '2018-06-05 12:56:05', '2018-06-05 05:58:21'),
	(2, 1, 2, 3, 161, 10, '2018-06-08', '15:46:43', 0, NULL, NULL, 'WT', '2018-06-08 15:46:43', NULL),
	(2, 2, 3, 4, 166, 10, '2018-06-08', '15:46:43', 8, '2018-06-08', '16:20:00', 'WT', '2018-06-08 15:46:43', '2018-06-08 16:16:34'),
	(3, 1, 1, 1, 326, 60, '2018-06-24', '20:49:10', 0, NULL, NULL, 'WT', '2018-06-24 20:49:10', NULL),
	(4, 1, 1, 1, 326, 60, '2018-07-13', '14:12:23', 0, NULL, NULL, 'WT', '2018-07-13 14:12:23', NULL),
	(5, 1, 1, 1, 326, 60, '2018-07-13', '14:34:58', 0, NULL, NULL, 'WT', '2018-07-13 14:34:58', NULL),
	(6, 1, 1, 1, 326, 60, '2018-07-13', '14:47:29', 0, NULL, NULL, 'WT', '2018-07-13 14:47:29', NULL);
/*!40000 ALTER TABLE `d_delivery_orderdt` ENABLE KEYS */;

-- Dumping structure for table bisnis_tamma.d_formula
CREATE TABLE IF NOT EXISTS `d_formula` (
  `f_id` int(11) DEFAULT NULL,
  `f_detailid` int(11) DEFAULT NULL,
  `f_bb` int(11) DEFAULT NULL,
  `f_value` decimal(11,2) DEFAULT NULL,
  `f_scale` varchar(20) DEFAULT NULL,
  KEY `FK_d_formula_d_formula_result` (`f_id`),
  KEY `FK_d_formula_m_item` (`f_bb`),
  CONSTRAINT `FK_d_formula_d_formula_result` FOREIGN KEY (`f_id`) REFERENCES `d_formula_result` (`fr_id`),
  CONSTRAINT `FK_d_formula_m_item` FOREIGN KEY (`f_bb`) REFERENCES `m_item` (`i_id`)
) ENGINE=InnoDB DEFAULT CHARSET=latin1;

-- Dumping data for table bisnis_tamma.d_formula: ~13 rows (approximately)
/*!40000 ALTER TABLE `d_formula` DISABLE KEYS */;
INSERT INTO `d_formula` (`f_id`, `f_detailid`, `f_bb`, `f_value`, `f_scale`) VALUES
	(1, 1, 71, 40.00, 'gr'),
	(1, 2, 49, 120.00, 'gr'),
	(1, 3, 54, 600.00, 'ml'),
	(1, 4, 7, 1700.00, 'ml'),
	(1, 5, 142, 65.00, 'gr'),
	(1, 6, 70, 150.00, 'gr'),
	(1, 7, 646, 5.00, 'gr'),
	(1, 8, 3, 4.00, 'kg'),
	(1, 9, 48, 30.00, 'gr'),
	(2, 1, 7, 5.00, 'LT'),
	(3, 1, 8, 5.00, 'KG'),
	(4, 1, 9, 5.00, 'KG'),
	(5, 1, 2, 1.00, 'UNIT');
/*!40000 ALTER TABLE `d_formula` ENABLE KEYS */;

-- Dumping structure for table bisnis_tamma.d_formula_result
CREATE TABLE IF NOT EXISTS `d_formula_result` (
  `fr_id` int(11) NOT NULL AUTO_INCREMENT,
  `fr_adonan` int(11) NOT NULL,
  `fr_result` decimal(10,2) DEFAULT NULL,
  `fr_scale` varchar(10) DEFAULT NULL,
  `fr_updated` timestamp NULL DEFAULT NULL,
  `fr_created` timestamp NULL DEFAULT NULL,
  PRIMARY KEY (`fr_id`,`fr_adonan`),
  UNIQUE KEY `fr_adonan` (`fr_adonan`),
  CONSTRAINT `FK_d_formula_result_m_item` FOREIGN KEY (`fr_adonan`) REFERENCES `m_item` (`i_id`)
) ENGINE=InnoDB AUTO_INCREMENT=6 DEFAULT CHARSET=latin1;

-- Dumping data for table bisnis_tamma.d_formula_result: ~5 rows (approximately)
/*!40000 ALTER TABLE `d_formula_result` DISABLE KEYS */;
INSERT INTO `d_formula_result` (`fr_id`, `fr_adonan`, `fr_result`, `fr_scale`, `fr_updated`, `fr_created`) VALUES
	(1, 326, 6.00, 'PACK', NULL, '2018-06-22 11:15:56'),
	(2, 166, 6.00, 'PACK', NULL, '2018-06-22 14:38:04'),
	(3, 164, 4.00, 'PACK', NULL, '2018-06-22 14:44:02'),
	(4, 210, 5.00, 'KG', NULL, '2018-06-22 14:47:03'),
	(5, 168, 1.00, 'PACK', '2018-06-25 06:28:36', '2018-06-25 06:28:36');
/*!40000 ALTER TABLE `d_formula_result` ENABLE KEYS */;

-- Dumping structure for table bisnis_tamma.d_group
CREATE TABLE IF NOT EXISTS `d_group` (
  `g_id` int(11) NOT NULL,
  `g_name` varchar(30) DEFAULT NULL,
  PRIMARY KEY (`g_id`),
  UNIQUE KEY `g_name` (`g_name`)
) ENGINE=InnoDB DEFAULT CHARSET=latin1 COMMENT='nama group';

-- Dumping data for table bisnis_tamma.d_group: ~0 rows (approximately)
/*!40000 ALTER TABLE `d_group` DISABLE KEYS */;
INSERT INTO `d_group` (`g_id`, `g_name`) VALUES
	(1, 'ke');
/*!40000 ALTER TABLE `d_group` ENABLE KEYS */;

-- Dumping structure for table bisnis_tamma.d_group_access
CREATE TABLE IF NOT EXISTS `d_group_access` (
  `ga_access` int(11) NOT NULL,
  `ga_group` int(11) NOT NULL,
  `ga_read` enum('Y','N') DEFAULT 'N',
  `ga_insert` enum('Y','N') DEFAULT 'N',
  `ga_update` enum('Y','N') DEFAULT 'N',
  `ga_delete` enum('Y','N') DEFAULT 'N',
  PRIMARY KEY (`ga_access`,`ga_group`),
  KEY `FK_d_group_access_d_group` (`ga_group`),
  CONSTRAINT `FK_d_group_access_d_access` FOREIGN KEY (`ga_access`) REFERENCES `d_access` (`a_id`) ON UPDATE CASCADE,
  CONSTRAINT `FK_d_group_access_d_group` FOREIGN KEY (`ga_group`) REFERENCES `d_group` (`g_id`)
) ENGINE=InnoDB DEFAULT CHARSET=latin1;

-- Dumping data for table bisnis_tamma.d_group_access: ~67 rows (approximately)
/*!40000 ALTER TABLE `d_group_access` DISABLE KEYS */;
INSERT INTO `d_group_access` (`ga_access`, `ga_group`, `ga_read`, `ga_insert`, `ga_update`, `ga_delete`) VALUES
	(1, 1, 'N', 'N', 'N', 'N'),
	(2, 1, 'Y', 'N', 'N', 'N'),
	(3, 1, 'Y', 'N', 'N', 'N'),
	(4, 1, 'N', 'N', 'N', 'N'),
	(5, 1, 'N', 'N', 'N', 'N'),
	(6, 1, 'N', 'N', 'N', 'N'),
	(7, 1, 'N', 'N', 'N', 'N'),
	(8, 1, 'N', 'N', 'N', 'N'),
	(9, 1, 'N', 'N', 'N', 'N'),
	(10, 1, 'N', 'N', 'N', 'N'),
	(11, 1, 'N', 'N', 'N', 'N'),
	(12, 1, 'N', 'N', 'N', 'N'),
	(13, 1, 'N', 'N', 'N', 'N'),
	(14, 1, 'N', 'N', 'N', 'N'),
	(15, 1, 'N', 'N', 'N', 'N'),
	(16, 1, 'N', 'N', 'N', 'N'),
	(17, 1, 'N', 'N', 'N', 'N'),
	(18, 1, 'N', 'N', 'N', 'N'),
	(19, 1, 'N', 'N', 'N', 'N'),
	(20, 1, 'N', 'N', 'N', 'N'),
	(21, 1, 'N', 'N', 'N', 'N'),
	(22, 1, 'N', 'N', 'N', 'N'),
	(23, 1, 'N', 'N', 'N', 'N'),
	(24, 1, 'N', 'N', 'N', 'N'),
	(25, 1, 'N', 'N', 'N', 'N'),
	(26, 1, 'N', 'N', 'N', 'N'),
	(27, 1, 'N', 'N', 'N', 'N'),
	(28, 1, 'N', 'N', 'N', 'N'),
	(29, 1, 'N', 'N', 'N', 'N'),
	(30, 1, 'N', 'N', 'N', 'N'),
	(31, 1, 'N', 'N', 'N', 'N'),
	(32, 1, 'N', 'N', 'N', 'N'),
	(33, 1, 'N', 'N', 'N', 'N'),
	(34, 1, 'N', 'N', 'N', 'N'),
	(35, 1, 'N', 'N', 'N', 'N'),
	(36, 1, 'N', 'N', 'N', 'N'),
	(37, 1, 'N', 'N', 'N', 'N'),
	(38, 1, 'N', 'N', 'N', 'N'),
	(39, 1, 'N', 'N', 'N', 'N'),
	(40, 1, 'N', 'N', 'N', 'N'),
	(41, 1, 'N', 'N', 'N', 'N'),
	(42, 1, 'N', 'N', 'N', 'N'),
	(43, 1, 'N', 'N', 'N', 'N'),
	(44, 1, 'N', 'N', 'N', 'N'),
	(45, 1, 'N', 'N', 'N', 'N'),
	(46, 1, 'N', 'N', 'N', 'N'),
	(47, 1, 'N', 'N', 'N', 'N'),
	(48, 1, 'N', 'N', 'N', 'N'),
	(49, 1, 'N', 'N', 'N', 'N'),
	(50, 1, 'N', 'N', 'N', 'N'),
	(51, 1, 'N', 'N', 'N', 'N'),
	(52, 1, 'N', 'N', 'N', 'N'),
	(53, 1, 'N', 'N', 'N', 'N'),
	(54, 1, 'N', 'N', 'N', 'N'),
	(55, 1, 'N', 'N', 'N', 'N'),
	(56, 1, 'N', 'N', 'N', 'N'),
	(57, 1, 'N', 'N', 'N', 'N'),
	(58, 1, 'N', 'N', 'N', 'N'),
	(59, 1, 'N', 'N', 'N', 'N'),
	(60, 1, 'N', 'N', 'N', 'N'),
	(61, 1, 'N', 'N', 'N', 'N'),
	(62, 1, 'N', 'N', 'N', 'N'),
	(63, 1, 'N', 'N', 'N', 'N'),
	(64, 1, 'N', 'N', 'N', 'N'),
	(65, 1, 'N', 'N', 'N', 'N'),
	(66, 1, 'N', 'N', 'N', 'N'),
	(67, 1, 'N', 'N', 'N', 'N');
/*!40000 ALTER TABLE `d_group_access` ENABLE KEYS */;

-- Dumping structure for table bisnis_tamma.d_gudangcabang
CREATE TABLE IF NOT EXISTS `d_gudangcabang` (
  `cg_id` int(11) NOT NULL AUTO_INCREMENT,
  `cg_cabang` varchar(3) NOT NULL COMMENT 'GC : GUDANG CUSTOMER | GG : GUDANG GROSIR | GR : GUDANG RETAIL | GS : GUDANG SENDING | GP : GUDANG PRODUKSI | GB : GUDANG BAHAN BAKU',
  `cg_gudang` char(2) NOT NULL COMMENT 'GC : GUDANG CUSTOMER | GG : GUDANG GROSIR | GR : GUDANG RETAIL | GS : GUDANG SENDING | GP : GUDANG PRODUKSI | GB : GUDANG BAHAN BAKU',
  `cg_insert` datetime DEFAULT NULL,
  `cg_update` datetime DEFAULT NULL,
  PRIMARY KEY (`cg_id`),
  KEY `FK_d_gudangcabang_m_gudang` (`cg_gudang`),
  KEY `FK_d_gudangcabang_m_cabang` (`cg_cabang`),
  CONSTRAINT `FK_d_gudangcabang_m_cabang` FOREIGN KEY (`cg_cabang`) REFERENCES `m_cabang` (`c_id`),
  CONSTRAINT `FK_d_gudangcabang_m_gudang` FOREIGN KEY (`cg_gudang`) REFERENCES `m_gudang` (`g_id`)
) ENGINE=InnoDB AUTO_INCREMENT=7 DEFAULT CHARSET=latin1;

-- Dumping data for table bisnis_tamma.d_gudangcabang: ~6 rows (approximately)
/*!40000 ALTER TABLE `d_gudangcabang` DISABLE KEYS */;
INSERT INTO `d_gudangcabang` (`cg_id`, `cg_cabang`, `cg_gudang`, `cg_insert`, `cg_update`) VALUES
	(1, 'GR1', 'GR', '2018-05-02 14:32:30', '2018-05-02 14:32:31'),
	(2, 'GG1', 'GG', '2018-05-02 14:45:56', '2018-05-02 14:45:58'),
	(3, 'GB1', 'GB', '2018-05-02 14:51:45', '2018-05-02 14:51:48'),
	(4, 'GC', 'GC', '2018-05-02 14:51:46', '2018-05-02 14:51:49'),
	(5, 'GS', 'GS', '2018-05-02 16:13:01', '2018-05-02 16:13:03'),
	(6, 'GP1', 'GP', '2018-05-17 11:27:51', '2018-05-17 11:27:52');
/*!40000 ALTER TABLE `d_gudangcabang` ENABLE KEYS */;

-- Dumping structure for table bisnis_tamma.d_mem
CREATE TABLE IF NOT EXISTS `d_mem` (
  `m_id` varchar(10) NOT NULL,
  `m_username` varchar(20) DEFAULT NULL,
  `m_passwd` varchar(40) DEFAULT NULL,
  `m_name` varchar(100) DEFAULT NULL,
  `m_birth_tgl` date DEFAULT NULL,
  `m_addr` varchar(100) DEFAULT NULL,
  `m_reff` varchar(10) DEFAULT NULL,
  `m_lastlogin` timestamp NULL DEFAULT NULL,
  `m_lastlogout` timestamp NULL DEFAULT NULL,
  `m_insert` timestamp NULL DEFAULT NULL,
  `m_update` timestamp NOT NULL DEFAULT CURRENT_TIMESTAMP ON UPDATE CURRENT_TIMESTAMP,
  PRIMARY KEY (`m_id`)
) ENGINE=InnoDB DEFAULT CHARSET=latin1;

-- Dumping data for table bisnis_tamma.d_mem: ~3 rows (approximately)
/*!40000 ALTER TABLE `d_mem` DISABLE KEYS */;
INSERT INTO `d_mem` (`m_id`, `m_username`, `m_passwd`, `m_name`, `m_birth_tgl`, `m_addr`, `m_reff`, `m_lastlogin`, `m_lastlogout`, `m_insert`, `m_update`) VALUES
	('1', 'thoriq', '47e3896af5f3d18dbce321283dd9af0197f8c0e4', 'shitta', '2018-03-28', NULL, NULL, '2018-03-28 08:24:54', '2018-03-28 08:24:53', '2018-03-28 08:24:50', '2018-04-09 20:30:36'),
	('2', 'shitta', '47e3896af5f3d18dbce321283dd9af0197f8c0e4', 'dfd', '2018-05-02', NULL, NULL, '2018-05-02 16:22:44', '2018-05-02 16:22:53', '2018-04-10 07:24:47', '2018-05-02 16:22:54'),
	('4', 'mahmud', '47e3896af5f3d18dbce321283dd9af0197f8c0e4', 'sds', '2018-05-02', NULL, NULL, '2018-05-02 16:22:45', '2018-05-02 16:22:47', '2018-04-10 07:31:19', '2018-05-02 16:22:50');
/*!40000 ALTER TABLE `d_mem` ENABLE KEYS */;

-- Dumping structure for table bisnis_tamma.d_mem_access
CREATE TABLE IF NOT EXISTS `d_mem_access` (
  `ma_id` int(11) NOT NULL AUTO_INCREMENT,
  `ma_mem` varchar(10) DEFAULT NULL,
  `ma_access` int(11) DEFAULT NULL,
  `ma_group` int(11) DEFAULT NULL,
  `ma_type` enum('M','G') DEFAULT NULL COMMENT 'M: langsung dari member, G: harus melalui group akses',
  `ma_read` enum('N','Y') DEFAULT 'N',
  `ma_insert` enum('N','Y') DEFAULT 'N',
  `ma_update` enum('N','Y') DEFAULT 'N',
  `ma_delete` enum('N','Y') DEFAULT 'N',
  PRIMARY KEY (`ma_id`),
  KEY `FK_d_mem_acces_d_mem` (`ma_mem`),
  KEY `FK_d_mem_acces_d_access` (`ma_access`),
  CONSTRAINT `FK_d_mem_acces_d_access` FOREIGN KEY (`ma_access`) REFERENCES `d_access` (`a_id`),
  CONSTRAINT `FK_d_mem_acces_d_mem` FOREIGN KEY (`ma_mem`) REFERENCES `d_mem` (`m_id`)
) ENGINE=InnoDB DEFAULT CHARSET=latin1 COMMENT='menampung akses user';

-- Dumping data for table bisnis_tamma.d_mem_access: ~0 rows (approximately)
/*!40000 ALTER TABLE `d_mem_access` DISABLE KEYS */;
/*!40000 ALTER TABLE `d_mem_access` ENABLE KEYS */;

-- Dumping structure for table bisnis_tamma.d_productplan
CREATE TABLE IF NOT EXISTS `d_productplan` (
  `pp_id` int(11) NOT NULL AUTO_INCREMENT,
  `pp_date` date DEFAULT NULL,
  `pp_item` int(11) DEFAULT NULL,
  `pp_qty` decimal(10,0) DEFAULT NULL,
  `pp_isspk` enum('N','Y','P','C') DEFAULT 'N' COMMENT 'N : Rencana | Y : Spk | P : Produksi ',
  `pp_insert` timestamp NULL DEFAULT NULL,
  `pp_update` timestamp NOT NULL DEFAULT CURRENT_TIMESTAMP ON UPDATE CURRENT_TIMESTAMP,
  PRIMARY KEY (`pp_id`)
) ENGINE=InnoDB AUTO_INCREMENT=17 DEFAULT CHARSET=latin1;

-- Dumping data for table bisnis_tamma.d_productplan: ~8 rows (approximately)
/*!40000 ALTER TABLE `d_productplan` DISABLE KEYS */;
INSERT INTO `d_productplan` (`pp_id`, `pp_date`, `pp_item`, `pp_qty`, `pp_isspk`, `pp_insert`, `pp_update`) VALUES
	(9, '2018-06-03', 320, 20, 'Y', NULL, '2018-06-03 19:53:06'),
	(10, '2018-06-06', 161, 50, 'Y', NULL, '2018-06-08 15:38:36'),
	(11, '2018-06-06', 166, 50, 'Y', NULL, '2018-06-08 15:38:23'),
	(12, '2018-06-08', 298, 50, 'Y', NULL, '2018-06-08 15:42:26'),
	(13, '2018-06-08', 165, 50, 'Y', NULL, '2018-06-08 15:42:19'),
	(14, '2018-06-10', 326, 100, 'N', NULL, '2018-06-10 18:13:32'),
	(15, '2018-06-24', 163, 70, 'N', NULL, '2018-06-24 20:44:45'),
	(16, '2018-06-24', 371, 55, 'N', NULL, '2018-06-24 20:51:31');
/*!40000 ALTER TABLE `d_productplan` ENABLE KEYS */;

-- Dumping structure for table bisnis_tamma.d_productresult
CREATE TABLE IF NOT EXISTS `d_productresult` (
  `pr_id` int(11) NOT NULL,
  `pr_spk` int(11) NOT NULL,
  `pr_date` date DEFAULT NULL,
  `pr_item` int(11) DEFAULT NULL,
  `pr_insert` datetime DEFAULT NULL,
  `pr_update` datetime DEFAULT NULL,
  PRIMARY KEY (`pr_id`),
  KEY `pr_spk` (`pr_spk`),
  CONSTRAINT `FK_d_productresult_d_spk` FOREIGN KEY (`pr_spk`) REFERENCES `d_spk` (`spk_id`)
) ENGINE=InnoDB DEFAULT CHARSET=latin1;

-- Dumping data for table bisnis_tamma.d_productresult: ~0 rows (approximately)
/*!40000 ALTER TABLE `d_productresult` DISABLE KEYS */;
INSERT INTO `d_productresult` (`pr_id`, `pr_spk`, `pr_date`, `pr_item`, `pr_insert`, `pr_update`) VALUES
	(1, 2, '2018-06-24', 326, NULL, NULL);
/*!40000 ALTER TABLE `d_productresult` ENABLE KEYS */;

-- Dumping structure for table bisnis_tamma.d_productresult_dt
CREATE TABLE IF NOT EXISTS `d_productresult_dt` (
  `prdt_productresult` int(11) NOT NULL,
  `prdt_detail` int(11) NOT NULL,
  `prdt_item` int(11) DEFAULT NULL,
  `prdt_qty` decimal(10,0) DEFAULT NULL,
  `prdt_status` varchar(2) DEFAULT NULL COMMENT 'RD : Ready | PR : Progres | FN : Final | RC : Received',
  `prdt_date` date DEFAULT NULL,
  `prdt_time` time DEFAULT NULL,
  PRIMARY KEY (`prdt_productresult`,`prdt_detail`),
  CONSTRAINT `FK_d_productresult_dt_d_productresult` FOREIGN KEY (`prdt_productresult`) REFERENCES `d_productresult` (`pr_id`)
) ENGINE=InnoDB DEFAULT CHARSET=latin1;

-- Dumping data for table bisnis_tamma.d_productresult_dt: ~0 rows (approximately)
/*!40000 ALTER TABLE `d_productresult_dt` DISABLE KEYS */;
INSERT INTO `d_productresult_dt` (`prdt_productresult`, `prdt_detail`, `prdt_item`, `prdt_qty`, `prdt_status`, `prdt_date`, `prdt_time`) VALUES
	(1, 1, 326, 60, 'FN', '2018-06-24', '19:50:00');
/*!40000 ALTER TABLE `d_productresult_dt` ENABLE KEYS */;

-- Dumping structure for table bisnis_tamma.d_purchasing
CREATE TABLE IF NOT EXISTS `d_purchasing` (
  `d_pcs_id` int(11) NOT NULL AUTO_INCREMENT,
  `d_pcsp_id` int(11) NOT NULL COMMENT 'PURCHASING PLAN',
  `s_id` int(11) NOT NULL COMMENT 'SUPPLIER',
  `d_pcs_code` varchar(15) NOT NULL,
  `d_pcs_staff` varchar(15) NOT NULL COMMENT 'DIABAIKAN SEMENTARA',
  `d_pcs_method` varchar(7) NOT NULL COMMENT 'METODE BAYAR',
  `d_pcs_total_gross` decimal(20,2) DEFAULT '0.00',
  `d_pcs_discount` decimal(20,2) DEFAULT '0.00' COMMENT 'DISKON DALAM RUPIAH',
  `d_pcs_disc_percent` smallint(6) DEFAULT '0' COMMENT 'DISKON PRESENTASE',
  `d_pcs_disc_value` decimal(20,2) DEFAULT '0.00' COMMENT 'KONVERSI HASIL DISKON PRESENTASE',
  `d_pcs_tax_percent` smallint(6) DEFAULT '0' COMMENT 'PAJAK PERSENTASE',
  `d_pcs_tax_value` decimal(20,2) DEFAULT '0.00' COMMENT 'KONVERSI HASIL PAJAK PERSENTASE',
  `d_pcs_total_net` decimal(20,2) DEFAULT '0.00',
  `d_pcs_date_created` date DEFAULT NULL,
  `d_pcs_date_received` date DEFAULT NULL,
  `d_pcs_date_confirm` date DEFAULT NULL,
  `d_pcs_duedate` date DEFAULT NULL COMMENT 'TGL JATUH TEMPO PADA TOP, TGL TERAKHIR PENGIRIMAN PADA DEPOSIT',
  `d_pcs_status` varchar(2) NOT NULL DEFAULT 'WT' COMMENT 'WT: WAITING | CF: CONFIRMED | DE: DAPAT DIEDIT | RC: RECEIVED',
  `d_pcs_created` timestamp NOT NULL DEFAULT CURRENT_TIMESTAMP,
  `d_pcs_updated` datetime DEFAULT NULL,
  PRIMARY KEY (`d_pcs_id`),
  KEY `FK_d_purchasing_d_supplier` (`s_id`),
  CONSTRAINT `FK_d_purchasing_d_supplier` FOREIGN KEY (`s_id`) REFERENCES `d_supplier` (`s_id`)
) ENGINE=InnoDB AUTO_INCREMENT=18 DEFAULT CHARSET=latin1;

-- Dumping data for table bisnis_tamma.d_purchasing: ~9 rows (approximately)
/*!40000 ALTER TABLE `d_purchasing` DISABLE KEYS */;
INSERT INTO `d_purchasing` (`d_pcs_id`, `d_pcsp_id`, `s_id`, `d_pcs_code`, `d_pcs_staff`, `d_pcs_method`, `d_pcs_total_gross`, `d_pcs_discount`, `d_pcs_disc_percent`, `d_pcs_disc_value`, `d_pcs_tax_percent`, `d_pcs_tax_value`, `d_pcs_total_net`, `d_pcs_date_created`, `d_pcs_date_received`, `d_pcs_date_confirm`, `d_pcs_duedate`, `d_pcs_status`, `d_pcs_created`, `d_pcs_updated`) VALUES
	(1, 5, 20, 'PO-061808-00001', 'Jamilah', 'CASH', 100000.00, 0.00, 10, 10000.00, 0, 0.00, 90000.00, '2018-06-08', NULL, '2018-06-10', '2018-05-30', 'CF', '2018-06-08 23:28:31', '2018-06-10 21:29:34'),
	(4, 5, 20, 'PO-061810-00002', 'Jamilah', 'CASH', 457500.00, 0.00, 12, 54900.00, 0, 0.00, 402600.00, '2018-06-10', NULL, NULL, NULL, 'WT', '2018-06-10 01:23:35', '2018-06-10 14:47:04'),
	(10, 2, 20, 'PO-061810-00003', 'Jamilah', 'CASH', 7500.00, 1000.00, 0, 0.00, 0, 0.00, 6500.00, '2018-06-10', NULL, NULL, NULL, 'WT', '2018-06-10 22:00:19', '2018-06-10 22:00:19'),
	(11, 2, 20, 'PO-061810-00004', 'Jamilah', 'CASH', 210000.00, 0.00, 10, 21000.00, 0, 0.00, 189000.00, '2018-06-10', NULL, NULL, NULL, 'WT', '2018-06-10 22:01:05', '2018-06-10 22:01:05'),
	(12, 9, 21, 'PO-061812-00005', 'Jamilah', 'DEPOSIT', 365000.00, 0.00, 10, 36500.00, 0, 0.00, 328500.00, '2018-06-12', NULL, NULL, NULL, 'WT', '2018-06-12 07:22:07', '2018-06-12 07:22:07'),
	(13, 11, 21, 'PO-061821-00006', 'Jamilah', 'CASH', 260000.00, 0.00, 0, 0.00, 0, 0.00, 260000.00, '2018-06-21', NULL, NULL, NULL, 'WT', '2018-06-21 13:34:35', '2018-06-21 13:34:35'),
	(14, 12, 20, 'PO-061822-00007', 'Jamilah', 'CASH', 23100.00, 3000.00, 15, 3465.00, 10, 2310.00, 18298.00, '2018-06-22', NULL, '2018-06-22', '2018-07-02', 'CF', '2018-06-22 14:01:48', '2018-06-22 14:02:33'),
	(15, 13, 21, 'PO-061824-00008', 'Jamilah', 'CASH', 630000.00, 2000.00, 15, 94500.00, 10, 53350.00, 586850.00, '2018-06-24', NULL, '2018-06-26', '2018-07-02', 'CF', '2018-06-24 00:07:50', '2018-06-26 23:00:35'),
	(17, 15, 21, 'PO-061826-00009', 'Jamilah', 'CASH', 99500.00, 4525.00, 5, 4975.00, 0, 0.00, 90000.00, '2018-06-26', NULL, '2018-06-26', '2018-07-02', 'CF', '2018-06-26 23:07:55', '2018-06-26 23:08:18');
/*!40000 ALTER TABLE `d_purchasing` ENABLE KEYS */;

-- Dumping structure for table bisnis_tamma.d_purchasingharian
CREATE TABLE IF NOT EXISTS `d_purchasingharian` (
  `d_pcsh_id` int(11) NOT NULL AUTO_INCREMENT,
  `d_pcsh_code` varchar(15) NOT NULL,
  `d_pcsh_date` date NOT NULL,
  `d_pcsh_noreff` varchar(15) DEFAULT NULL,
  `d_pcsh_totalprice` decimal(20,2) DEFAULT NULL,
  `d_pcsh_totalpaid` decimal(20,2) DEFAULT NULL,
  `d_pcsh_staff` varchar(50) NOT NULL,
  `d_pcsh_supid` int(11) NOT NULL COMMENT 'ID SUPPLIER (d_supplier)',
  `d_pcsh_status` varchar(2) NOT NULL DEFAULT 'WT' COMMENT 'WT: Waiting | DE: Dapat Diedit | CF: Confirmed',
  `d_pcsh_created` timestamp NULL DEFAULT CURRENT_TIMESTAMP,
  `d_pcsh_updated` datetime DEFAULT NULL,
  PRIMARY KEY (`d_pcsh_id`),
  KEY `FK_d_purchasingharian_d_supplier` (`d_pcsh_supid`),
  CONSTRAINT `FK_d_purchasingharian_d_supplier` FOREIGN KEY (`d_pcsh_supid`) REFERENCES `d_supplier` (`s_id`)
) ENGINE=InnoDB AUTO_INCREMENT=3 DEFAULT CHARSET=latin1;

-- Dumping data for table bisnis_tamma.d_purchasingharian: ~0 rows (approximately)
/*!40000 ALTER TABLE `d_purchasingharian` DISABLE KEYS */;
INSERT INTO `d_purchasingharian` (`d_pcsh_id`, `d_pcsh_code`, `d_pcsh_date`, `d_pcsh_noreff`, `d_pcsh_totalprice`, `d_pcsh_totalpaid`, `d_pcsh_staff`, `d_pcsh_supid`, `d_pcsh_status`, `d_pcsh_created`, `d_pcsh_updated`) VALUES
	(2, 'PH-061812-00001', '2018-06-11', 'ABC-112233', 211000.00, 211000.00, 'Jamilah', 21, 'WT', '2018-06-12 01:54:07', '2018-06-12 01:54:07');
/*!40000 ALTER TABLE `d_purchasingharian` ENABLE KEYS */;

-- Dumping structure for table bisnis_tamma.d_purchasingharian_dt
CREATE TABLE IF NOT EXISTS `d_purchasingharian_dt` (
  `d_pcshdt_id` int(11) NOT NULL AUTO_INCREMENT,
  `d_pcshdt_pcshid` int(11) NOT NULL,
  `d_pcshdt_item` int(11) NOT NULL,
  `d_pcshdt_qty` int(11) NOT NULL DEFAULT '0',
  `d_pcshdt_price` decimal(12,2) NOT NULL DEFAULT '0.00',
  `d_pcshdt_pricetotal` decimal(12,2) NOT NULL DEFAULT '0.00',
  `d_pcshdt_created` timestamp NOT NULL DEFAULT CURRENT_TIMESTAMP,
  `d_pcshdt_updated` datetime DEFAULT NULL,
  PRIMARY KEY (`d_pcshdt_id`),
  KEY `FK_d_purchasingharian_dt_d_purchasingharian` (`d_pcshdt_pcshid`),
  KEY `FK_d_purchasingharian_dt_m_item` (`d_pcshdt_item`),
  CONSTRAINT `FK_d_purchasingharian_dt_d_purchasingharian` FOREIGN KEY (`d_pcshdt_pcshid`) REFERENCES `d_purchasingharian` (`d_pcsh_id`),
  CONSTRAINT `FK_d_purchasingharian_dt_m_item` FOREIGN KEY (`d_pcshdt_item`) REFERENCES `m_item` (`i_id`)
) ENGINE=InnoDB AUTO_INCREMENT=5 DEFAULT CHARSET=latin1;

-- Dumping data for table bisnis_tamma.d_purchasingharian_dt: ~2 rows (approximately)
/*!40000 ALTER TABLE `d_purchasingharian_dt` DISABLE KEYS */;
INSERT INTO `d_purchasingharian_dt` (`d_pcshdt_id`, `d_pcshdt_pcshid`, `d_pcshdt_item`, `d_pcshdt_qty`, `d_pcshdt_price`, `d_pcshdt_pricetotal`, `d_pcshdt_created`, `d_pcshdt_updated`) VALUES
	(3, 2, 11, 5, 6200.00, 31000.00, '2018-06-12 01:54:07', '2018-06-12 01:54:07'),
	(4, 2, 9, 10, 18000.00, 180000.00, '2018-06-12 01:54:07', '2018-06-12 01:54:07');
/*!40000 ALTER TABLE `d_purchasingharian_dt` ENABLE KEYS */;

-- Dumping structure for table bisnis_tamma.d_purchasingplan
CREATE TABLE IF NOT EXISTS `d_purchasingplan` (
  `d_pcsp_id` int(11) NOT NULL AUTO_INCREMENT,
  `d_pcsp_code` varchar(15) NOT NULL,
  `d_pcsp_sup` int(11) NOT NULL,
  `d_pcsp_staff` varchar(15) NOT NULL COMMENT 'SEMENTARA',
  `d_pcsp_datecreated` date DEFAULT NULL,
  `d_pcsp_dateconfirm` date DEFAULT NULL,
  `d_pcsp_status` varchar(2) NOT NULL DEFAULT 'WT' COMMENT 'WT: waiting | DE: dapat diedit | FN: disetujui',
  `d_pcsp_created` timestamp NULL DEFAULT CURRENT_TIMESTAMP,
  `d_pcsp_updated` datetime DEFAULT NULL ON UPDATE CURRENT_TIMESTAMP,
  PRIMARY KEY (`d_pcsp_id`),
  KEY `FK_d_purchasingplan_d_supplier` (`d_pcsp_sup`),
  CONSTRAINT `FK_d_purchasingplan_d_supplier` FOREIGN KEY (`d_pcsp_sup`) REFERENCES `d_supplier` (`s_id`)
) ENGINE=InnoDB AUTO_INCREMENT=16 DEFAULT CHARSET=latin1;

-- Dumping data for table bisnis_tamma.d_purchasingplan: ~11 rows (approximately)
/*!40000 ALTER TABLE `d_purchasingplan` DISABLE KEYS */;
INSERT INTO `d_purchasingplan` (`d_pcsp_id`, `d_pcsp_code`, `d_pcsp_sup`, `d_pcsp_staff`, `d_pcsp_datecreated`, `d_pcsp_dateconfirm`, `d_pcsp_status`, `d_pcsp_created`, `d_pcsp_updated`) VALUES
	(1, 'ROR-061803-0001', 20, 'Jamilah', '2018-06-03', NULL, 'WT', '2018-06-03 18:47:34', '2018-06-06 21:10:53'),
	(2, 'ROR-061803-0002', 20, 'Jamilah', '2018-06-03', '2018-06-10', 'FN', '2018-06-03 18:48:33', '2018-06-10 17:12:38'),
	(3, 'ROR-061805-0003', 20, 'Jamilah', '2018-06-05', NULL, 'WT', '2018-06-05 15:29:19', '2018-06-05 19:28:30'),
	(5, 'ROR-061805-0004', 20, 'Jamilah', '2018-06-05', '2018-06-08', 'FN', '2018-06-05 15:53:42', '2018-06-08 02:19:40'),
	(9, 'ROR-061806-0005', 20, 'Jamilah', '2018-06-06', '2018-06-07', 'FN', '2018-06-06 22:00:56', '2018-06-07 10:06:24'),
	(10, 'ROR-061812-0006', 20, 'Jamilah', '2018-06-12', NULL, 'WT', '2018-06-12 07:21:17', '2018-06-12 07:21:17'),
	(11, 'ROR-061821-0007', 21, 'Jamilah', '2018-06-21', '2018-06-21', 'FN', '2018-06-21 13:28:29', '2018-06-21 13:30:03'),
	(12, 'ROR-061822-0008', 20, 'Jamilah', '2018-06-22', '2018-06-22', 'FN', '2018-06-22 10:40:00', '2018-06-22 10:40:53'),
	(13, 'ROR-061823-0009', 21, 'Jamilah', '2018-06-23', '2018-06-23', 'FN', '2018-06-23 23:25:30', '2018-06-23 23:27:09'),
	(14, 'ROR-061825-0010', 20, 'Jamilah', '2018-06-25', '2018-06-25', 'FN', '2018-06-25 11:10:58', '2018-06-25 11:11:22'),
	(15, 'ROR-061826-0011', 21, 'Jamilah', '2018-06-26', '2018-06-26', 'FN', '2018-06-26 22:01:24', '2018-06-26 23:02:31');
/*!40000 ALTER TABLE `d_purchasingplan` ENABLE KEYS */;

-- Dumping structure for table bisnis_tamma.d_purchasingplan_dt
CREATE TABLE IF NOT EXISTS `d_purchasingplan_dt` (
  `d_pcspdt_id` int(11) NOT NULL AUTO_INCREMENT,
  `d_pcspdt_idplan` int(11) NOT NULL DEFAULT '0',
  `d_pcspdt_item` int(11) NOT NULL DEFAULT '0',
  `d_pcspdt_qty` int(11) NOT NULL DEFAULT '0',
  `d_pcspdt_prevcost` decimal(10,2) NOT NULL DEFAULT '0.00',
  `d_pcspdt_qtyconfirm` int(11) NOT NULL DEFAULT '0',
  `d_pcspdt_isconfirm` varchar(5) NOT NULL DEFAULT 'FALSE' COMMENT 'IS CONFIRM ?',
  `d_pcspdt_ispo` varchar(5) NOT NULL DEFAULT 'FALSE' COMMENT 'IS PO ?',
  `d_pcspdt_poid` int(11) NOT NULL DEFAULT '0' COMMENT 'ID PURCHASING',
  `d_pcspdt_created` timestamp NOT NULL DEFAULT CURRENT_TIMESTAMP,
  `d_pcspdt_updated` datetime DEFAULT NULL ON UPDATE CURRENT_TIMESTAMP,
  PRIMARY KEY (`d_pcspdt_id`),
  KEY `FK_d_purchasingplan_dt_d_purchasingplan` (`d_pcspdt_idplan`),
  CONSTRAINT `FK_d_purchasingplan_dt_d_purchasingplan` FOREIGN KEY (`d_pcspdt_idplan`) REFERENCES `d_purchasingplan` (`d_pcsp_id`)
) ENGINE=InnoDB AUTO_INCREMENT=34 DEFAULT CHARSET=latin1;

-- Dumping data for table bisnis_tamma.d_purchasingplan_dt: ~23 rows (approximately)
/*!40000 ALTER TABLE `d_purchasingplan_dt` DISABLE KEYS */;
INSERT INTO `d_purchasingplan_dt` (`d_pcspdt_id`, `d_pcspdt_idplan`, `d_pcspdt_item`, `d_pcspdt_qty`, `d_pcspdt_prevcost`, `d_pcspdt_qtyconfirm`, `d_pcspdt_isconfirm`, `d_pcspdt_ispo`, `d_pcspdt_poid`, `d_pcspdt_created`, `d_pcspdt_updated`) VALUES
	(1, 1, 9, 0, 0.00, 0, 'FALSE', 'FALSE', 0, '2018-06-03 18:47:34', '2018-06-06 21:10:53'),
	(2, 1, 8, 0, 0.00, 0, 'FALSE', 'FALSE', 0, '2018-06-03 18:47:34', '2018-06-06 21:10:53'),
	(3, 2, 16, 80, 0.00, 0, 'FALSE', 'FALSE', 0, '2018-06-03 18:48:33', '2018-06-10 01:16:41'),
	(4, 2, 135, 50, 0.00, 60, 'TRUE', 'TRUE', 11, '2018-06-03 18:48:33', '2018-06-10 22:01:05'),
	(5, 2, 10, 60, 0.00, 10, 'TRUE', 'TRUE', 10, '2018-06-03 18:48:33', '2018-06-10 22:00:19'),
	(10, 3, 5, 2, 0.00, 0, 'FALSE', 'FALSE', 0, '2018-06-05 15:29:19', '2018-06-05 19:28:30'),
	(11, 3, 17, 4, 0.00, 0, 'FALSE', 'FALSE', 0, '2018-06-05 15:29:19', '2018-06-05 19:28:30'),
	(12, 3, 4, 8, 0.00, 0, 'FALSE', 'FALSE', 0, '2018-06-05 15:29:19', '2018-06-05 19:28:30'),
	(15, 5, 239, 2, 90000.00, 5, 'TRUE', 'TRUE', 4, '2018-06-05 15:53:42', '2018-06-10 15:31:00'),
	(16, 5, 75, 5, 0.00, 5, 'TRUE', 'TRUE', 1, '2018-06-05 15:53:42', '2018-06-10 15:32:08'),
	(21, 9, 33, 7, 0.00, 7, 'TRUE', 'TRUE', 12, '2018-06-06 22:00:56', '2018-06-12 14:22:07'),
	(22, 9, 18, 6, 0.00, 5, 'TRUE', 'TRUE', 12, '2018-06-06 22:00:56', '2018-06-12 14:22:07'),
	(23, 10, 215, 2, 0.00, 0, 'FALSE', 'FALSE', 0, '2018-06-12 07:21:18', '2018-06-12 07:21:18'),
	(24, 10, 6, 40, 0.00, 0, 'FALSE', 'FALSE', 0, '2018-06-12 07:21:18', '2018-06-12 07:21:18'),
	(25, 11, 8, 20, 0.00, 20, 'TRUE', 'TRUE', 13, '2018-06-21 13:28:30', '2018-06-21 13:34:35'),
	(26, 12, 36, 2, 0.00, 2, 'TRUE', 'TRUE', 14, '2018-06-22 10:40:00', '2018-06-22 14:01:48'),
	(27, 12, 192, 3, 0.00, 3, 'TRUE', 'TRUE', 14, '2018-06-22 10:40:00', '2018-06-22 14:01:48'),
	(28, 13, 9, 10, 0.00, 10, 'TRUE', 'TRUE', 15, '2018-06-23 23:25:30', '2018-06-24 00:07:50'),
	(29, 13, 20, 20, 0.00, 20, 'TRUE', 'TRUE', 15, '2018-06-23 23:25:30', '2018-06-24 00:07:50'),
	(30, 14, 197, 5, 0.00, 5, 'TRUE', 'FALSE', 0, '2018-06-25 11:10:58', '2018-06-25 11:11:22'),
	(31, 14, 13, 6, 0.00, 8, 'TRUE', 'FALSE', 0, '2018-06-25 11:10:58', '2018-06-25 11:11:22'),
	(32, 15, 13, 8, 0.00, 5, 'TRUE', 'TRUE', 17, '2018-06-26 22:01:24', '2018-06-26 23:07:55'),
	(33, 15, 19, 11, 0.00, 10, 'TRUE', 'TRUE', 17, '2018-06-26 22:01:24', '2018-06-26 23:07:55');
/*!40000 ALTER TABLE `d_purchasingplan_dt` ENABLE KEYS */;

-- Dumping structure for table bisnis_tamma.d_purchasingreturn
CREATE TABLE IF NOT EXISTS `d_purchasingreturn` (
  `d_pcsr_id` int(11) NOT NULL AUTO_INCREMENT,
  `d_pcsr_pcsid` int(11) NOT NULL COMMENT 'id_purchashing (d_purchasing)',
  `d_pcsr_supid` int(11) NOT NULL COMMENT 'id_supplier (d_supplier)',
  `d_pcsr_code` varchar(15) NOT NULL,
  `d_pcsr_method` varchar(2) NOT NULL COMMENT 'TK : TUKAR BARANG | PN: POTONG NOTA',
  `d_pcs_staff` varchar(50) NOT NULL COMMENT 'Sementara (blm ada data karyawan)',
  `d_pcsr_datecreated` date NOT NULL,
  `d_pcsr_dateupdated` date DEFAULT NULL,
  `d_pcsr_dateconfirm` date DEFAULT NULL,
  `d_pcsr_pricetotal` decimal(12,2) NOT NULL DEFAULT '0.00' COMMENT 'Nilai total dari barang yang diretur',
  `d_pcsr_priceresult` decimal(12,2) NOT NULL DEFAULT '0.00' COMMENT 'apablia method: PN maka nilai didapat dari total pembelian - nilai total retur | jika TK maka nilai ini akan sama dengan nilai total pembelian (nilai transaksi pembelian seteleh dikurangi return)',
  `d_pcsr_status` varchar(2) NOT NULL DEFAULT 'WT' COMMENT 'WT: Waiting | CF: Confirmed | DE: Dapat diedit',
  `d_pcsr_created` timestamp NOT NULL DEFAULT CURRENT_TIMESTAMP,
  `d_pcsr_updated` datetime DEFAULT NULL,
  PRIMARY KEY (`d_pcsr_id`),
  KEY `FK_d_purchasingreturn_d_supplier` (`d_pcsr_supid`),
  KEY `FK_d_purchasingreturn_d_purchasing` (`d_pcsr_pcsid`),
  CONSTRAINT `FK_d_purchasingreturn_d_purchasing` FOREIGN KEY (`d_pcsr_pcsid`) REFERENCES `d_purchasing` (`d_pcs_id`),
  CONSTRAINT `FK_d_purchasingreturn_d_supplier` FOREIGN KEY (`d_pcsr_supid`) REFERENCES `d_supplier` (`s_id`)
) ENGINE=InnoDB AUTO_INCREMENT=3 DEFAULT CHARSET=latin1;

-- Dumping data for table bisnis_tamma.d_purchasingreturn: ~0 rows (approximately)
/*!40000 ALTER TABLE `d_purchasingreturn` DISABLE KEYS */;
INSERT INTO `d_purchasingreturn` (`d_pcsr_id`, `d_pcsr_pcsid`, `d_pcsr_supid`, `d_pcsr_code`, `d_pcsr_method`, `d_pcs_staff`, `d_pcsr_datecreated`, `d_pcsr_dateupdated`, `d_pcsr_dateconfirm`, `d_pcsr_pricetotal`, `d_pcsr_priceresult`, `d_pcsr_status`, `d_pcsr_created`, `d_pcsr_updated`) VALUES
	(2, 15, 21, 'RTN-061825-0001', 'PN', 'Jamilah', '2018-06-25', '2018-06-28', '2018-07-01', 119233.00, 586850.00, 'CF', '2018-06-25 21:55:30', '2018-07-01 17:11:20');
/*!40000 ALTER TABLE `d_purchasingreturn` ENABLE KEYS */;

-- Dumping structure for table bisnis_tamma.d_purchasingreturn_dt
CREATE TABLE IF NOT EXISTS `d_purchasingreturn_dt` (
  `d_pcsrdt_id` int(11) NOT NULL AUTO_INCREMENT,
  `d_pcsrdt_idpcsr` int(11) NOT NULL,
  `d_pcsrdt_smdetail` int(11) NOT NULL COMMENT 'd_stock_mutation (sm_detailid)',
  `d_pcsrdt_item` int(11) NOT NULL,
  `d_pcsrdt_qty` int(11) NOT NULL,
  `d_pcsrdt_qtyconfirm` int(11) NOT NULL DEFAULT '0',
  `d_pcsrdt_price` int(11) NOT NULL,
  `d_pcsrdt_pricetotal` int(11) NOT NULL,
  `d_pcsrdt_isconfirm` varchar(5) NOT NULL DEFAULT 'FALSE',
  `d_pcsrdt_created` timestamp NOT NULL DEFAULT CURRENT_TIMESTAMP,
  `d_pcsrdt_updated` datetime NOT NULL,
  PRIMARY KEY (`d_pcsrdt_id`),
  KEY `FK_d_purchasingreturn_dt_d_purchasingreturn` (`d_pcsrdt_idpcsr`),
  KEY `FK_d_purchasingreturn_dt_m_item` (`d_pcsrdt_item`),
  CONSTRAINT `FK_d_purchasingreturn_dt_d_purchasingreturn` FOREIGN KEY (`d_pcsrdt_idpcsr`) REFERENCES `d_purchasingreturn` (`d_pcsr_id`),
  CONSTRAINT `FK_d_purchasingreturn_dt_m_item` FOREIGN KEY (`d_pcsrdt_item`) REFERENCES `m_item` (`i_id`)
) ENGINE=InnoDB AUTO_INCREMENT=3 DEFAULT CHARSET=latin1;

-- Dumping data for table bisnis_tamma.d_purchasingreturn_dt: ~2 rows (approximately)
/*!40000 ALTER TABLE `d_purchasingreturn_dt` DISABLE KEYS */;
INSERT INTO `d_purchasingreturn_dt` (`d_pcsrdt_id`, `d_pcsrdt_idpcsr`, `d_pcsrdt_smdetail`, `d_pcsrdt_item`, `d_pcsrdt_qty`, `d_pcsrdt_qtyconfirm`, `d_pcsrdt_price`, `d_pcsrdt_pricetotal`, `d_pcsrdt_isconfirm`, `d_pcsrdt_created`, `d_pcsrdt_updated`) VALUES
	(1, 2, 0, 9, 2, 2, 54959, 109918, 'TRUE', '2018-06-25 21:55:30', '2018-07-01 17:11:20'),
	(2, 2, 0, 20, 5, 5, 1863, 9315, 'TRUE', '2018-06-25 21:55:30', '2018-07-01 17:11:20');
/*!40000 ALTER TABLE `d_purchasingreturn_dt` ENABLE KEYS */;

-- Dumping structure for table bisnis_tamma.d_purchasing_dt
CREATE TABLE IF NOT EXISTS `d_purchasing_dt` (
  `d_pcsdt_id` int(11) NOT NULL AUTO_INCREMENT,
  `d_pcs_id` int(11) NOT NULL COMMENT 'ID PURCHASING (d_pcs_id)',
  `i_id` int(11) NOT NULL COMMENT 'ID ITEM (m_item)',
  `d_pcsdt_idpdt` int(11) NOT NULL COMMENT 'ID PURCHASINGPLAN DETAIL (d_pcspdt_id)',
  `d_pcsdt_qty` int(11) NOT NULL DEFAULT '0',
  `d_pcsdt_qtyconfirm` int(11) NOT NULL DEFAULT '0',
  `d_pcsdt_price` decimal(20,2) NOT NULL DEFAULT '0.00' COMMENT 'HARGA SATUAN',
  `d_pcsdt_prevcost` decimal(20,2) NOT NULL DEFAULT '0.00' COMMENT 'HARGA PEMBELIAN TERAKHIR',
  `d_pcsdt_total` decimal(20,2) unsigned DEFAULT '0.00' COMMENT 'HARGA TOTAL',
  `d_pcsdt_isconfirm` varchar(5) DEFAULT 'FALSE' COMMENT 'IS CONFIRM ?',
  `d_pcsdt_created` timestamp NOT NULL DEFAULT CURRENT_TIMESTAMP,
  `d_pcsdt_updated` datetime DEFAULT NULL,
  PRIMARY KEY (`d_pcsdt_id`),
  KEY `FK_d_purchasing_dt_d_purchasing` (`d_pcs_id`),
  KEY `FK_d_purchasing_dt_d_purchasingplan_dt` (`d_pcsdt_idpdt`),
  KEY `FK_d_purchasing_dt_m_item` (`i_id`),
  CONSTRAINT `FK_d_purchasing_dt_d_purchasing` FOREIGN KEY (`d_pcs_id`) REFERENCES `d_purchasing` (`d_pcs_id`),
  CONSTRAINT `FK_d_purchasing_dt_d_purchasingplan_dt` FOREIGN KEY (`d_pcsdt_idpdt`) REFERENCES `d_purchasingplan_dt` (`d_pcspdt_id`),
  CONSTRAINT `FK_d_purchasing_dt_m_item` FOREIGN KEY (`i_id`) REFERENCES `m_item` (`i_id`)
) ENGINE=InnoDB AUTO_INCREMENT=22 DEFAULT CHARSET=latin1;

-- Dumping data for table bisnis_tamma.d_purchasing_dt: ~13 rows (approximately)
/*!40000 ALTER TABLE `d_purchasing_dt` DISABLE KEYS */;
INSERT INTO `d_purchasing_dt` (`d_pcsdt_id`, `d_pcs_id`, `i_id`, `d_pcsdt_idpdt`, `d_pcsdt_qty`, `d_pcsdt_qtyconfirm`, `d_pcsdt_price`, `d_pcsdt_prevcost`, `d_pcsdt_total`, `d_pcsdt_isconfirm`, `d_pcsdt_created`, `d_pcsdt_updated`) VALUES
	(1, 1, 75, 16, 5, 5, 20000.00, 0.00, 100000.00, 'TRUE', '2018-06-08 23:28:32', '2018-06-10 21:29:34'),
	(4, 4, 239, 15, 5, 0, 91500.00, 90000.00, 457500.00, 'FALSE', '2018-06-10 01:23:35', '2018-06-10 14:47:04'),
	(9, 10, 10, 5, 10, 0, 750.00, 0.00, 7500.00, 'FALSE', '2018-06-10 22:00:19', '2018-06-10 22:00:19'),
	(10, 11, 135, 4, 60, 0, 3500.00, 0.00, 210000.00, 'FALSE', '2018-06-10 22:01:06', '2018-06-10 22:01:06'),
	(11, 12, 33, 21, 7, 0, 50000.00, 0.00, 350000.00, 'FALSE', '2018-06-12 07:22:07', '2018-06-12 07:22:07'),
	(12, 12, 18, 22, 5, 0, 3000.00, 0.00, 15000.00, 'FALSE', '2018-06-12 07:22:07', '2018-06-12 07:22:07'),
	(13, 13, 8, 25, 20, 0, 13000.00, 0.00, 260000.00, 'FALSE', '2018-06-21 13:34:35', '2018-06-21 13:34:35'),
	(14, 14, 36, 26, 2, 2, 3000.00, 0.00, 6000.00, 'TRUE', '2018-06-22 14:01:48', '2018-06-22 14:02:33'),
	(15, 14, 192, 27, 3, 3, 5700.00, 0.00, 17100.00, 'TRUE', '2018-06-22 14:01:48', '2018-06-22 14:02:33'),
	(16, 15, 9, 28, 10, 10, 59000.00, 0.00, 590000.00, 'TRUE', '2018-06-24 00:07:50', '2018-06-26 23:00:35'),
	(17, 15, 20, 29, 20, 20, 2000.00, 0.00, 40000.00, 'TRUE', '2018-06-24 00:07:50', '2018-06-26 23:00:35'),
	(20, 17, 13, 32, 5, 5, 3500.00, 0.00, 17500.00, 'TRUE', '2018-06-26 23:07:55', '2018-06-26 23:08:18'),
	(21, 17, 19, 33, 10, 10, 8200.00, 0.00, 82000.00, 'TRUE', '2018-06-26 23:07:55', '2018-06-26 23:08:18');
/*!40000 ALTER TABLE `d_purchasing_dt` ENABLE KEYS */;

-- Dumping structure for table bisnis_tamma.d_sales
CREATE TABLE IF NOT EXISTS `d_sales` (
  `s_id` int(11) NOT NULL AUTO_INCREMENT,
  `s_channel` varchar(2) NOT NULL COMMENT 'RT: Retail | GR: Grosir',
  `s_date` date DEFAULT NULL,
  `s_note` varchar(40) DEFAULT NULL,
  `s_staff` varchar(10) DEFAULT NULL COMMENT 'DIABAIKAN SEMENTARA',
  `s_customer` int(11) NOT NULL,
  `s_gross` decimal(20,2) DEFAULT NULL,
  `s_disc_percent` smallint(6) DEFAULT NULL,
  `s_disc_value` decimal(20,2) unsigned DEFAULT NULL,
  `s_tax` smallint(6) NOT NULL DEFAULT '0',
  `s_net` decimal(20,2) DEFAULT NULL,
  `s_status` varchar(2) DEFAULT NULL COMMENT 'DR: Draft | WA: Waiting | PR: Progress | FN: Final | PC: PACKING | SN : Sending | RC : Received',
  `s_insert` timestamp NULL DEFAULT NULL,
  `s_update` timestamp NOT NULL DEFAULT CURRENT_TIMESTAMP ON UPDATE CURRENT_TIMESTAMP,
  PRIMARY KEY (`s_id`),
  UNIQUE KEY `s_note` (`s_note`),
  KEY `FK_sales_customer` (`s_customer`)
) ENGINE=InnoDB AUTO_INCREMENT=72 DEFAULT CHARSET=latin1;

-- Dumping data for table bisnis_tamma.d_sales: ~51 rows (approximately)
/*!40000 ALTER TABLE `d_sales` DISABLE KEYS */;
INSERT INTO `d_sales` (`s_id`, `s_channel`, `s_date`, `s_note`, `s_staff`, `s_customer`, `s_gross`, `s_disc_percent`, `s_disc_value`, `s_tax`, `s_net`, `s_status`, `s_insert`, `s_update`) VALUES
	(1, 'RT', '2018-06-24', 'XX1806241', NULL, 1, 5000.00, 0, 500.00, 0, 4500.00, 'DR', '2018-06-24 21:54:51', '2018-06-24 21:54:51'),
	(2, 'GR', '2018-06-24', 'XX1806242', NULL, 4, 5000.00, 0, 500.00, 0, 4500.00, 'DR', '2018-06-24 21:56:06', '2018-06-24 21:56:06'),
	(3, 'RT', '2018-06-25', 'XX1806253', NULL, 1, 5000.00, 0, 0.00, 0, 5000.00, 'DR', '2018-06-25 11:35:22', '2018-06-25 11:35:22'),
	(4, 'GR', '2018-06-25', 'XX1806254', '2', 1, 0.00, NULL, 0.00, 0, 0.00, 'PR', '2018-06-25 11:37:29', '2018-06-25 11:37:29'),
	(5, 'GR', '2018-06-25', 'XX1806255', NULL, 1, 5000.00, 0, 0.00, 0, 5000.00, 'RC', '2018-06-25 11:37:55', '2018-06-25 11:38:11'),
	(6, 'GR', '2018-06-25', 'XX1806256', NULL, 1, 5000.00, 0, 0.00, 0, 5000.00, 'RC', '2018-06-25 04:41:28', '2018-06-25 11:41:47'),
	(7, 'GR', '2018-06-26', 'XX1806267', NULL, 1, 830000.00, 0, 0.00, 0, 830000.00, 'PR', '2018-06-26 03:07:22', '2018-06-26 10:07:22'),
	(8, 'RT', '2018-06-29', 'XX1806298', NULL, 1, 1000.00, 0, 0.00, 0, 1000.00, 'DR', '2018-06-29 02:17:11', '2018-06-29 09:17:11'),
	(9, 'GR', '2018-07-02', 'XX1807029', NULL, 1, 0.00, 0, 0.00, 0, 0.00, 'FN', '2018-07-02 02:58:16', '2018-07-02 09:58:16'),
	(10, 'GR', '2018-07-02', 'XX18070210', NULL, 1, 5000.00, 0, 0.00, 0, 5000.00, 'FN', '2018-07-02 03:28:41', '2018-07-02 10:28:41'),
	(11, 'GR', '2018-07-02', 'XX18070211', NULL, 1, 1000.00, 0, 0.00, 0, 1000.00, 'FN', '2018-07-02 03:29:24', '2018-07-02 10:29:24'),
	(12, 'GR', '2018-07-02', 'XX18070212', NULL, 1, 0.00, 0, 0.00, 0, 0.00, 'FN', '2018-07-02 03:30:32', '2018-07-02 10:30:32'),
	(13, 'GR', '2018-07-02', 'XX18070213', NULL, 1, 0.00, 0, 0.00, 0, 0.00, 'FN', '2018-07-02 03:43:31', '2018-07-02 10:43:31'),
	(14, 'GR', '2018-07-02', 'XX18070214', NULL, 1, 1000.00, 0, 0.00, 0, 1000.00, 'FN', '2018-07-02 03:47:13', '2018-07-02 10:47:13'),
	(15, 'GR', '2018-07-02', 'XX18070215', NULL, 1, 1000.00, 0, 0.00, 0, 1000.00, 'FN', '2018-07-02 03:48:33', '2018-07-02 10:48:33'),
	(16, 'GR', '2018-07-02', 'XX18070216', NULL, 1, 5000.00, 0, 0.00, 0, 5000.00, 'FN', '2018-07-02 03:54:54', '2018-07-02 10:54:54'),
	(17, 'GR', '2018-07-02', 'XX18070217', NULL, 1, 1000.00, 0, 0.00, 0, 1000.00, 'FN', '2018-07-02 03:56:33', '2018-07-02 10:56:33'),
	(18, 'GR', '2018-07-02', 'XX18070218', NULL, 1, 5000.00, 500, 0.00, 0, 4500.00, 'RC', '2018-07-02 04:12:20', '2018-07-05 14:50:10'),
	(19, 'GR', '2018-07-02', 'XX18070219', NULL, 1, 5000.00, 500, 0.00, 0, 4500.00, 'FN', '2018-07-02 04:25:39', '2018-07-02 11:25:39'),
	(20, 'GR', '2018-07-02', 'XX18070220', NULL, 1, 6000.00, 500, 1000.00, 0, 4500.00, 'FN', '2018-07-02 05:26:08', '2018-07-02 12:26:08'),
	(21, 'GR', '2018-07-02', 'XX18070221', NULL, 1, 1000.00, 0, 100.00, 0, 900.00, 'FN', '2018-07-02 05:30:36', '2018-07-02 12:30:36'),
	(22, 'GR', '2018-07-02', 'XX18070222', NULL, 1, 1000.00, 100, 100.00, 0, 800.00, 'FN', '2018-07-02 05:34:44', '2018-07-02 12:34:44'),
	(23, 'GR', '2018-07-02', 'XX18070223', NULL, 1, 1000.00, 100, 100.00, 0, 800.00, 'FN', '2018-07-02 05:36:09', '2018-07-02 12:36:09'),
	(24, 'GR', '2018-07-02', 'XX18070224', NULL, 1, 6000.00, 2500, 500.00, 0, 3000.00, 'FN', '2018-07-02 05:37:13', '2018-07-02 12:37:13'),
	(25, 'GR', '2018-07-02', 'XX18070225', NULL, 1, 6000.00, 500, 2000.00, 0, 3500.00, 'FN', '2018-07-02 05:49:14', '2018-07-02 12:49:14'),
	(26, 'GR', '2018-07-02', 'XX18070226', NULL, 1, 6000.00, 500, 2000.00, 0, 3500.00, 'FN', '2018-07-02 05:52:03', '2018-07-02 12:52:03'),
	(27, 'GR', '2018-07-02', 'XX18070227', NULL, 1, 6000.00, 500, 2000.00, 0, 3500.00, 'FN', '2018-07-02 05:53:48', '2018-07-02 12:53:48'),
	(28, 'GR', '2018-07-02', 'XX18070228', NULL, 1, 5000.00, 0, 0.00, 0, 5000.00, 'FN', '2018-07-02 06:21:33', '2018-07-02 13:21:33'),
	(29, 'GR', '2018-07-02', 'XX18070229', NULL, 1, 0.00, 0, 0.00, 0, 0.00, 'FN', '2018-07-02 06:27:19', '2018-07-02 13:27:19'),
	(30, 'GR', '2018-07-02', 'XX18070230', NULL, 1, 5000.00, 0, 0.00, 0, 5000.00, 'FN', '2018-07-02 06:29:24', '2018-07-02 13:29:24'),
	(31, 'GR', '2018-07-02', 'XX18070231', NULL, 1, 5000.00, 0, 0.00, 0, 5000.00, 'FN', '2018-07-02 06:38:18', '2018-07-02 13:38:18'),
	(32, 'GR', '2018-07-02', 'XX18070232', NULL, 1, 5000.00, 0, 0.00, 0, 5000.00, 'FN', '2018-07-02 06:45:10', '2018-07-02 13:45:10'),
	(33, 'GR', '2018-07-02', 'XX18070233', NULL, 1, 5000.00, 0, 0.00, 0, 5000.00, 'FN', '2018-07-02 06:46:57', '2018-07-02 13:46:57'),
	(35, 'RT', '2018-07-04', 'XX18070435', NULL, 1, 281000.00, 0, 0.00, 0, 281000.00, 'FN', '2018-07-04 09:37:58', '2018-07-04 16:37:58'),
	(37, 'RT', '2018-07-05', 'XX18070537', NULL, 1, 72000.00, 0, 0.00, 0, 72000.00, 'FN', '2018-07-05 07:16:04', '2018-07-05 14:16:04'),
	(39, 'RT', '2018-07-05', 'XX18070539', NULL, 1, 72000.00, 0, 0.00, 0, 72000.00, 'FN', '2018-07-05 08:00:27', '2018-07-05 15:00:27'),
	(41, 'RT', '2018-07-05', 'XX18070541', NULL, 1, 6000.00, 0, 0.00, 0, 6000.00, 'FN', '2018-07-05 08:03:49', '2018-07-05 15:03:49'),
	(42, 'GR', '2018-07-06', 'XX18070642', NULL, 1, 6000.00, 0, 0.00, 0, 6000.00, 'FN', '2018-07-06 02:31:22', '2018-07-06 09:31:22'),
	(43, 'GR', '2018-07-06', 'XX18070643', NULL, 7, 242000.00, 0, 0.00, 0, 242000.00, 'FN', '2018-07-06 03:09:00', '2018-07-06 10:09:00'),
	(45, 'RT', '2018-07-06', 'XX18070645', NULL, 7, 1000.00, 0, 0.00, 0, 1000.00, 'FN', '2018-07-06 06:28:42', '2018-07-06 13:28:42'),
	(47, 'RT', '2018-07-06', 'XX18070647', NULL, 7, 1000.00, 0, 0.00, 0, 1000.00, 'FN', '2018-07-06 07:08:52', '2018-07-06 14:08:52'),
	(49, 'RT', '2018-07-06', 'XX18070649', NULL, 7, 5000.00, 0, 0.00, 0, 5000.00, 'FN', '2018-07-06 07:12:07', '2018-07-06 14:12:07'),
	(51, 'RT', '2018-07-06', 'XX18070651', NULL, 1, 5000.00, 0, 0.00, 0, 5000.00, 'FN', '2018-07-06 07:16:09', '2018-07-06 14:16:09'),
	(53, 'RT', '2018-07-06', 'XX18070653', NULL, 1, 5000.00, 0, 0.00, 0, 5000.00, 'FN', '2018-07-06 07:17:23', '2018-07-06 14:17:23'),
	(54, 'GR', '2018-07-06', 'XX18070654', NULL, 1, 1000.00, 0, 0.00, 0, 1000.00, 'FN', '2018-07-06 07:56:44', '2018-07-06 14:56:44'),
	(55, 'GR', '2018-07-06', 'XX18070655', NULL, 7, 1000.00, 0, 0.00, 0, 1000.00, 'FN', '2018-07-06 07:58:54', '2018-07-06 14:58:54'),
	(56, 'GR', '2018-07-06', 'XX18070656', NULL, 7, 1000.00, 0, 0.00, 0, 1000.00, 'FN', '2018-07-06 08:00:06', '2018-07-06 15:00:06'),
	(58, 'RT', '2018-07-11', 'XX18071158', NULL, 7, 273000.00, 0, 0.00, 0, 273000.00, 'FN', '2018-07-11 05:40:01', '2018-07-11 12:40:01'),
	(60, 'RT', '2018-07-11', 'XX18071160', NULL, 7, 303000.00, 0, 0.00, 0, 303000.00, 'FN', '2018-07-11 05:50:17', '2018-07-11 12:50:17'),
	(61, 'GR', '2018-07-11', 'XX18071161', NULL, 7, 263000.00, 0, 0.00, 0, 263000.00, 'FN', '2018-07-11 05:59:40', '2018-07-11 12:59:40'),
	(63, 'RT', '2018-07-11', 'XX18071163', NULL, 7, 412000.00, 0, 0.00, 0, 412000.00, 'FN', '2018-07-11 06:28:28', '2018-07-11 13:28:28'),
	(65, 'RT', '2018-07-12', 'XX18071265', NULL, 7, 584100.00, 0, 0.00, 0, 584100.00, 'FN', '2018-07-12 06:57:28', '2018-07-12 13:57:28'),
	(67, 'RT', '2018-07-17', 'XX18071767', NULL, 8, 0.00, 0, 0.00, 0, 0.00, 'FN', '2018-07-17 06:52:51', '2018-07-17 13:52:51'),
	(69, 'RT', '2018-07-17', 'XX18071769', NULL, 9, 40000.00, 0, 0.00, 0, 40000.00, 'FN', '2018-07-17 06:57:23', '2018-07-17 13:57:23'),
	(71, 'RT', '2018-07-17', 'XX18071771', NULL, 10, 150000.00, 0, 0.00, 0, 150000.00, 'FN', '2018-07-17 07:00:20', '2018-07-17 14:00:20');
/*!40000 ALTER TABLE `d_sales` ENABLE KEYS */;

-- Dumping structure for table bisnis_tamma.d_sales_dt
CREATE TABLE IF NOT EXISTS `d_sales_dt` (
  `sd_sales` int(11) NOT NULL,
  `sd_detailid` tinyint(4) NOT NULL,
  `sd_item` int(11) NOT NULL,
  `sd_qty` double NOT NULL,
  `sd_price` decimal(10,0) DEFAULT NULL,
  `sd_disc_percent` smallint(6) DEFAULT '0',
  `sd_disc_value` decimal(20,2) unsigned DEFAULT NULL,
  `sd_total` decimal(20,2) DEFAULT NULL,
  PRIMARY KEY (`sd_sales`,`sd_detailid`),
  CONSTRAINT `FK_d_sales_dt_d_sales` FOREIGN KEY (`sd_sales`) REFERENCES `d_sales` (`s_id`) ON DELETE CASCADE ON UPDATE CASCADE
) ENGINE=InnoDB DEFAULT CHARSET=latin1;

-- Dumping data for table bisnis_tamma.d_sales_dt: ~120 rows (approximately)
/*!40000 ALTER TABLE `d_sales_dt` DISABLE KEYS */;
INSERT INTO `d_sales_dt` (`sd_sales`, `sd_detailid`, `sd_item`, `sd_qty`, `sd_price`, `sd_disc_percent`, `sd_disc_value`, `sd_total`) VALUES
	(1, 1, 166, 1, 5000, 0, 500.00, 4500.00),
	(2, 1, 166, 1, 5000, 0, 500.00, 4500.00),
	(3, 1, 166, 1, 5000, 0, 0.00, 5000.00),
	(4, 1, 166, 100, 5000, 0, 10000000.00, 500000.00),
	(5, 1, 166, 1, 5000, 0, 0.00, 5000.00),
	(6, 1, 166, 1, 5000, 0, 0.00, 5000.00),
	(7, 1, 166, 166, 5000, 0, 0.00, 830000.00),
	(8, 1, 161, 1, 1000, 0, 0.00, 1000.00),
	(9, 1, 162, 1, 0, 0, 0.00, 0.00),
	(10, 1, 166, 1, 5000, 0, 0.00, 5000.00),
	(11, 1, 161, 1, 1000, 0, 0.00, 1000.00),
	(12, 1, 162, 1, 0, 0, 0.00, 0.00),
	(13, 1, 162, 1, 0, 0, 0.00, 0.00),
	(14, 1, 162, 1, 0, 0, 0.00, 0.00),
	(14, 2, 161, 1, 1000, 0, 0.00, 1000.00),
	(15, 1, 161, 1, 1000, 0, 0.00, 1000.00),
	(16, 1, 166, 1, 5000, 0, 0.00, 5000.00),
	(17, 1, 161, 1, 1000, 0, 0.00, 1000.00),
	(18, 1, 166, 1, 5000, 10, 0.00, 4500.00),
	(19, 1, 162, 1, 0, 0, 0.00, 0.00),
	(19, 2, 166, 1, 5000, 10, 0.00, 4500.00),
	(20, 1, 166, 1, 5000, 0, 0.00, 4000.00),
	(20, 2, 161, 1, 1000, 50, 0.00, 500.00),
	(21, 1, 161, 1, 1000, 0, 0.00, 900.00),
	(22, 1, 161, 1, 1000, 10, 0.00, 800.00),
	(23, 1, 161, 1, 1000, 10, 100.00, 800.00),
	(24, 1, 166, 1, 5000, 50, 0.00, 2500.00),
	(24, 2, 161, 1, 1000, 0, 500.00, 500.00),
	(25, 1, 166, 1, 5000, 0, 2000.00, 3000.00),
	(25, 2, 161, 1, 1000, 50, 0.00, 500.00),
	(26, 1, 166, 1, 5000, 0, 2000.00, 3000.00),
	(26, 2, 161, 1, 1000, 50, 0.00, 500.00),
	(27, 1, 166, 1, 5000, 0, 2000.00, 3000.00),
	(27, 2, 161, 1, 1000, 50, 0.00, 500.00),
	(28, 1, 166, 1, 5000, 0, 0.00, 5000.00),
	(29, 1, 162, 1, 0, 0, 0.00, 0.00),
	(30, 1, 166, 1, 5000, 0, 0.00, 5000.00),
	(31, 1, 166, 1, 5000, 0, 0.00, 5000.00),
	(32, 1, 166, 1, 5000, 0, 0.00, 5000.00),
	(33, 1, 166, 1, 5000, 0, 0.00, 5000.00),
	(35, 1, 563, 1, 257000, 0, 0.00, 257000.00),
	(35, 2, 166, 4, 5000, 50, 0.00, 10000.00),
	(35, 3, 161, 4, 1000, 0, 1000.00, 3000.00),
	(37, 1, 166, 12, 5000, 0, 0.00, 60000.00),
	(37, 2, 161, 12, 1000, 0, 0.00, 12000.00),
	(39, 1, 166, 12, 5000, 0, 0.00, 60000.00),
	(39, 2, 161, 12, 1000, 0, 0.00, 12000.00),
	(41, 1, 166, 1, 5000, 0, 0.00, 5000.00),
	(41, 2, 161, 1, 1000, 0, 0.00, 1000.00),
	(42, 1, 162, 1, 0, 0, 0.00, 0.00),
	(42, 2, 166, 1, 5000, 0, 0.00, 5000.00),
	(42, 3, 161, 1, 1000, 0, 0.00, 1000.00),
	(43, 1, 296, 1, 23000, 0, 0.00, 23000.00),
	(43, 2, 302, 2, 25000, 0, 0.00, 50000.00),
	(43, 3, 297, 2, 17000, 0, 0.00, 34000.00),
	(43, 4, 168, 1, 0, 0, 0.00, 0.00),
	(43, 5, 298, 1, 15000, 0, 0.00, 15000.00),
	(43, 6, 299, 1, 30000, 0, 0.00, 30000.00),
	(43, 7, 300, 1, 19000, 0, 0.00, 19000.00),
	(43, 8, 304, 1, 21000, 0, 0.00, 21000.00),
	(43, 9, 163, 1, 0, 0, 0.00, 0.00),
	(43, 10, 164, 1, 0, 0, 0.00, 0.00),
	(43, 11, 167, 1, 0, 0, 0.00, 0.00),
	(43, 12, 162, 1, 0, 0, 0.00, 0.00),
	(43, 13, 301, 1, 21000, 0, 0.00, 21000.00),
	(43, 14, 303, 1, 23000, 0, 0.00, 23000.00),
	(43, 15, 166, 1, 5000, 0, 0.00, 5000.00),
	(43, 16, 161, 1, 1000, 0, 0.00, 1000.00),
	(43, 17, 214, 1, 0, 0, 0.00, 0.00),
	(45, 1, 161, 1, 1000, 0, 0.00, 1000.00),
	(47, 1, 161, 1, 1000, 0, 0.00, 1000.00),
	(49, 1, 166, 1, 5000, 0, 0.00, 5000.00),
	(51, 1, 166, 1, 5000, 0, 0.00, 5000.00),
	(53, 1, 166, 1, 5000, 0, 0.00, 5000.00),
	(54, 1, 161, 1, 1000, 0, 0.00, 1000.00),
	(55, 1, 163, 1, 0, 0, 0.00, 0.00),
	(55, 2, 164, 1, 0, 0, 0.00, 0.00),
	(55, 3, 162, 1, 0, 0, 0.00, 0.00),
	(55, 4, 161, 1, 1000, 0, 0.00, 1000.00),
	(56, 1, 164, 1, 0, 0, 0.00, 0.00),
	(56, 2, 162, 1, 0, 0, 0.00, 0.00),
	(56, 3, 161, 1, 1000, 0, 0.00, 1000.00),
	(58, 1, 563, 1, 257000, 0, 0.00, 257000.00),
	(58, 2, 164, 1, 10000, 0, 0.00, 10000.00),
	(58, 3, 166, 1, 5000, 0, 0.00, 5000.00),
	(58, 4, 161, 1, 1000, 0, 0.00, 1000.00),
	(60, 1, 563, 1, 257000, 0, 0.00, 257000.00),
	(60, 2, 168, 2, 10000, 0, 0.00, 20000.00),
	(60, 3, 164, 1, 10000, 0, 0.00, 10000.00),
	(60, 4, 167, 1, 10000, 0, 0.00, 10000.00),
	(60, 5, 166, 1, 5000, 0, 0.00, 5000.00),
	(60, 6, 161, 1, 1000, 0, 0.00, 1000.00),
	(61, 1, 563, 1, 257000, 0, 0.00, 257000.00),
	(61, 2, 162, 1, 0, 0, 0.00, 0.00),
	(61, 3, 166, 1, 5000, 0, 0.00, 5000.00),
	(61, 4, 161, 1, 1000, 0, 0.00, 1000.00),
	(63, 1, 563, 1, 257000, 0, 0.00, 257000.00),
	(63, 2, 296, 1, 23000, 0, 0.00, 23000.00),
	(63, 3, 297, 1, 17000, 0, 0.00, 17000.00),
	(63, 4, 168, 1, 10000, 0, 0.00, 10000.00),
	(63, 5, 298, 2, 15000, 0, 0.00, 30000.00),
	(63, 6, 299, 1, 30000, 0, 0.00, 30000.00),
	(63, 7, 300, 1, 19000, 0, 0.00, 19000.00),
	(63, 8, 164, 1, 10000, 0, 0.00, 10000.00),
	(63, 9, 167, 1, 10000, 0, 0.00, 10000.00),
	(63, 10, 166, 1, 5000, 0, 0.00, 5000.00),
	(63, 11, 161, 1, 1000, 0, 0.00, 1000.00),
	(65, 1, 296, 2, 23000, 0, 0.00, 46000.00),
	(65, 2, 302, 1, 25000, 0, 0.00, 25000.00),
	(65, 3, 308, 1, 18600, 0, 0.00, 18600.00),
	(65, 4, 311, 1, 27000, 0, 0.00, 27000.00),
	(65, 5, 315, 1, 25000, 0, 0.00, 25000.00),
	(65, 6, 297, 1, 17000, 0, 0.00, 17000.00),
	(65, 7, 305, 3, 18000, 0, 0.00, 54000.00),
	(65, 8, 168, 1, 10000, 0, 0.00, 10000.00),
	(65, 9, 298, 1, 15000, 0, 0.00, 15000.00),
	(65, 10, 306, 1, 10000, 0, 0.00, 10000.00),
	(65, 11, 309, 1, 12500, 0, 0.00, 12500.00),
	(65, 12, 299, 1, 30000, 0, 0.00, 30000.00),
	(65, 13, 307, 1, 10000, 0, 0.00, 10000.00),
	(65, 14, 314, 1, 31000, 0, 0.00, 31000.00),
	(65, 15, 300, 2, 19000, 0, 0.00, 38000.00),
	(65, 16, 304, 1, 21000, 0, 0.00, 21000.00),
	(65, 17, 325, 2, 21000, 0, 0.00, 42000.00),
	(65, 18, 324, 1, 24000, 0, 0.00, 24000.00),
	(65, 19, 326, 2, 19000, 0, 0.00, 38000.00),
	(65, 20, 322, 1, 10000, 0, 0.00, 10000.00),
	(65, 21, 164, 1, 10000, 0, 0.00, 10000.00),
	(65, 22, 167, 2, 10000, 0, 0.00, 20000.00),
	(65, 23, 301, 1, 21000, 0, 0.00, 21000.00),
	(65, 24, 303, 1, 23000, NULL, 0.00, 23000.00),
	(65, 25, 166, 1, 5000, 0, 0.00, 5000.00),
	(65, 26, 161, 1, 1000, 0, 0.00, 1000.00),
	(67, 1, 307, 5, 0, 0, 0.00, 0.00),
	(67, 2, 300, 3, 0, 0, 0.00, 0.00),
	(67, 3, 325, 3, 0, 0, 0.00, 0.00),
	(67, 4, 324, 3, 0, 0, 0.00, 0.00),
	(67, 5, 327, 3, 0, 0, 0.00, 0.00),
	(67, 6, 328, 5, 0, 0, 0.00, 0.00),
	(69, 1, 563, 4, 0, 0, 0.00, 0.00),
	(69, 2, 297, 3, 0, 0, 0.00, 0.00),
	(69, 3, 298, 1, 0, 0, 0.00, 0.00),
	(69, 4, 299, 5, 0, 0, 0.00, 0.00),
	(69, 5, 307, 4, 0, 0, 0.00, 0.00),
	(69, 6, 164, 4, 10000, 0, 0.00, 40000.00),
	(71, 1, 563, 5, 0, 0, 0.00, 0.00),
	(71, 2, 308, 5, 0, 0, 0.00, 0.00),
	(71, 3, 168, 5, 10000, 0, 0.00, 50000.00),
	(71, 4, 298, 4, 0, 0, 0.00, 0.00),
	(71, 5, 299, 5, 0, 0, 0.00, 0.00),
	(71, 6, 164, 5, 10000, 0, 0.00, 50000.00),
	(71, 7, 167, 5, 10000, 0, 0.00, 50000.00),
	(71, 8, 166, 4, 0, 0, 0.00, 0.00),
	(71, 9, 161, 5, 0, 0, 0.00, 0.00);
/*!40000 ALTER TABLE `d_sales_dt` ENABLE KEYS */;

-- Dumping structure for table bisnis_tamma.d_sales_payment
CREATE TABLE IF NOT EXISTS `d_sales_payment` (
  `sp_sales` int(11) NOT NULL,
  `sp_paymentid` tinyint(4) NOT NULL,
  `sp_method` tinyint(4) NOT NULL,
  `sp_nominal` decimal(10,2) NOT NULL,
  PRIMARY KEY (`sp_sales`,`sp_paymentid`),
  CONSTRAINT `FK1_sales_payment` FOREIGN KEY (`sp_sales`) REFERENCES `d_sales` (`s_id`) ON DELETE CASCADE ON UPDATE CASCADE
) ENGINE=InnoDB DEFAULT CHARSET=latin1;

-- Dumping data for table bisnis_tamma.d_sales_payment: ~37 rows (approximately)
/*!40000 ALTER TABLE `d_sales_payment` DISABLE KEYS */;
INSERT INTO `d_sales_payment` (`sp_sales`, `sp_paymentid`, `sp_method`, `sp_nominal`) VALUES
	(5, 1, 1, 10000.00),
	(6, 1, 1, 5000.00),
	(9, 1, 1, 5000.00),
	(10, 1, 1, 5000.00),
	(11, 1, 1, 5000.00),
	(12, 1, 1, 5000.00),
	(13, 1, 1, 5000.00),
	(14, 1, 1, 1000.00),
	(15, 1, 1, 5000.00),
	(16, 1, 1, 5000.00),
	(17, 1, 1, 8000.00),
	(18, 1, 1, 5000.00),
	(19, 1, 1, 5000.00),
	(20, 1, 1, 5000.00),
	(21, 1, 1, 5000.00),
	(22, 1, 1, 5000.00),
	(23, 1, 1, 5000.00),
	(24, 1, 1, 5000.00),
	(25, 1, 1, 5000.00),
	(26, 1, 1, 5000.00),
	(27, 1, 1, 5000.00),
	(28, 1, 1, 5000.00),
	(29, 1, 1, 5000.00),
	(30, 1, 1, 5000.00),
	(31, 1, 1, 5000.00),
	(32, 1, 1, 5000.00),
	(33, 1, 1, 5000.00),
	(35, 1, 1, 300000.00),
	(39, 1, 1, 72000.00),
	(41, 1, 1, 6000.00),
	(42, 1, 1, 6000.00),
	(43, 1, 1, 242000.00),
	(45, 1, 1, 1000.00),
	(47, 1, 1, 2000.00),
	(49, 1, 1, 5555.00),
	(51, 1, 1, 6666.00),
	(53, 1, 1, 5555.00),
	(54, 1, 1, 1000.00),
	(55, 1, 1, 1000.00),
	(56, 1, 1, 1000.00),
	(58, 1, 1, 273000.00),
	(60, 1, 1, 333333.00),
	(61, 1, 1, 4444444.00),
	(63, 1, 1, 99999999.99),
	(65, 1, 1, 5555550.00),
	(67, 1, 1, 100.00),
	(69, 1, 1, 40000.00),
	(71, 1, 1, 150000.00);
/*!40000 ALTER TABLE `d_sales_payment` ENABLE KEYS */;

-- Dumping structure for table bisnis_tamma.d_spk
CREATE TABLE IF NOT EXISTS `d_spk` (
  `spk_id` int(11) NOT NULL,
  `spk_ref` int(11) DEFAULT NULL COMMENT 'id_panning',
  `spk_code` varchar(20) DEFAULT NULL,
  `spk_date` date DEFAULT NULL,
  `spk_item` int(11) DEFAULT NULL,
  `spk_status` varchar(2) DEFAULT NULL,
  `spk_insert` datetime DEFAULT NULL,
  `spk_update` datetime DEFAULT NULL,
  PRIMARY KEY (`spk_id`),
  KEY `FK_d_spk_d_productplan` (`spk_ref`),
  CONSTRAINT `FK_d_spk_d_productplan` FOREIGN KEY (`spk_ref`) REFERENCES `d_productplan` (`pp_id`)
) ENGINE=InnoDB DEFAULT CHARSET=latin1;

-- Dumping data for table bisnis_tamma.d_spk: ~2 rows (approximately)
/*!40000 ALTER TABLE `d_spk` DISABLE KEYS */;
INSERT INTO `d_spk` (`spk_id`, `spk_ref`, `spk_code`, `spk_date`, `spk_item`, `spk_status`, `spk_insert`, `spk_update`) VALUES
	(1, 14, 'SPK1806101', '2018-06-10', 326, 'FN', '2018-06-10 18:09:24', '2018-06-24 20:09:55'),
	(2, 14, 'SPK1806102', '2018-06-10', 326, 'FN', '2018-06-10 18:13:21', '2018-06-10 18:13:21');
/*!40000 ALTER TABLE `d_spk` ENABLE KEYS */;

-- Dumping structure for table bisnis_tamma.d_stock
CREATE TABLE IF NOT EXISTS `d_stock` (
  `s_id` bigint(20) NOT NULL,
  `s_comp` int(11) NOT NULL COMMENT 'PEMILIK',
  `s_position` int(11) NOT NULL COMMENT 'POSISI',
  `s_item` int(11) DEFAULT NULL,
  `s_qty` int(11) DEFAULT NULL,
  `s_qty_min` int(11) DEFAULT '0' COMMENT 'STOK MINIMUM',
  `s_insert` timestamp NULL DEFAULT CURRENT_TIMESTAMP,
  `s_update` timestamp NULL DEFAULT NULL ON UPDATE CURRENT_TIMESTAMP,
  PRIMARY KEY (`s_id`),
  KEY `FK_d_stock_d_gudangcabang` (`s_comp`),
  KEY `FK_d_stock_d_gudangcabang_2` (`s_position`),
  CONSTRAINT `FK_d_stock_d_gudangcabang` FOREIGN KEY (`s_comp`) REFERENCES `d_gudangcabang` (`cg_id`),
  CONSTRAINT `FK_d_stock_d_gudangcabang_2` FOREIGN KEY (`s_position`) REFERENCES `d_gudangcabang` (`cg_id`)
) ENGINE=InnoDB DEFAULT CHARSET=latin1;

-- Dumping data for table bisnis_tamma.d_stock: ~67 rows (approximately)
/*!40000 ALTER TABLE `d_stock` DISABLE KEYS */;
INSERT INTO `d_stock` (`s_id`, `s_comp`, `s_position`, `s_item`, `s_qty`, `s_qty_min`, `s_insert`, `s_update`) VALUES
	(36, 2, 2, 162, 50, 0, '2018-06-06 11:15:43', '2018-06-06 11:15:43'),
	(37, 2, 2, 161, 75, 0, '2018-06-06 13:01:27', '2018-06-07 10:23:13'),
	(38, 2, 2, 166, 70, 0, '2018-06-06 13:01:59', '2018-07-05 14:50:10'),
	(39, 1, 2, 161, 200, 0, '2018-06-06 06:05:19', '2018-07-11 11:27:21'),
	(40, 1, 2, 166, 200, 0, '2018-06-06 06:05:19', '2018-07-11 11:27:27'),
	(41, 1, 1, 161, 191, 0, '2018-06-06 16:49:28', '2018-07-17 07:00:20'),
	(42, 1, 1, 166, 692, 0, '2018-06-06 16:49:28', '2018-07-17 07:00:20'),
	(43, 1, 2, 161, 500, 0, '2018-06-06 16:53:48', '2018-07-11 11:27:35'),
	(44, 1, 2, 166, 500, 0, '2018-06-06 16:53:48', '2018-07-11 11:27:38'),
	(45, 2, 2, 207, 95, 0, NULL, '2018-06-08 14:12:29'),
	(46, 2, 2, 563, 80, 0, NULL, '2018-06-08 14:30:26'),
	(47, 1, 2, 563, 90, 0, '2018-06-08 14:30:26', '2018-07-11 11:27:45'),
	(48, 1, 1, 563, 78, 0, '2018-06-08 14:33:33', '2018-07-17 07:00:20'),
	(49, 6, 6, 161, 200, 0, '2018-06-08 15:44:31', '2018-07-11 11:27:51'),
	(50, 6, 6, 166, 90, 0, '2018-06-08 15:45:26', '2018-07-11 11:27:55'),
	(51, 6, 6, 165, 90, 0, '2018-06-08 15:45:41', '2018-07-11 11:28:03'),
	(52, 2, 5, 161, 90, 0, NULL, '2018-07-11 11:28:07'),
	(53, 2, 5, 166, 200, 0, NULL, '2018-07-11 11:27:13'),
	(54, 6, 6, 326, -90, 0, '2018-06-24 20:45:25', '2018-07-13 07:47:29'),
	(55, 2, 5, 326, 60, 0, NULL, '2018-06-24 20:49:10'),
	(56, 4, 2, 166, 90, 0, '2018-06-25 11:38:02', '2018-07-11 11:28:13'),
	(57, 4, 2, 166, 90, 0, '2018-06-25 04:41:37', '2018-07-11 11:28:15'),
	(58, 2, 2, 37, 50, 0, '2018-06-29 00:43:00', '2018-06-29 00:44:57'),
	(59, 3, 3, 7, 90, 0, '2018-07-03 10:04:49', '2018-07-11 11:28:18'),
	(60, 3, 3, 647, 90, 5, NULL, '2018-07-11 11:28:20'),
	(61, 7, 7, 648, 90, 8, NULL, '2018-07-11 11:28:23'),
	(62, 7, 7, 651, 90, 10, NULL, '2018-07-11 11:28:24'),
	(63, 4, 4, 166, 90, 0, '2018-07-05 07:50:10', '2018-07-11 11:28:27'),
	(64, 1, 3, 163, 100, 0, '2018-07-11 12:36:56', '2018-07-11 12:37:01'),
	(65, 1, 1, 164, 87, 0, '2018-07-11 12:37:31', '2018-07-17 07:00:20'),
	(66, 1, 1, 167, 91, 0, '2018-07-11 12:42:15', '2018-07-17 07:00:20'),
	(67, 1, 1, 168, 91, 0, '2018-07-11 12:42:38', '2018-07-17 07:00:20'),
	(68, 1, 1, 169, 100, 0, '2018-07-11 12:43:00', '2018-07-11 12:43:01'),
	(69, 1, 1, 170, 100, 0, '2018-07-11 12:43:18', '2018-07-11 12:43:19'),
	(70, 1, 1, 183, 100, 0, '2018-07-11 13:16:49', '2018-07-11 13:16:49'),
	(71, 1, 1, 297, 95, 0, '2018-07-11 13:17:15', '2018-07-17 06:57:23'),
	(72, 1, 1, 298, 92, 0, '2018-07-11 13:17:15', '2018-07-17 07:00:20'),
	(73, 1, 1, 299, 88, 0, '2018-07-11 13:17:15', '2018-07-17 07:00:20'),
	(74, 1, 1, 300, 94, 0, '2018-07-11 13:17:15', '2018-07-17 06:52:51'),
	(75, 1, 1, 296, 97, 0, '2018-07-11 13:17:15', '2018-07-12 06:57:28'),
	(76, 1, 1, 301, 98, 0, '2018-07-11 13:17:15', '2018-07-12 06:57:28'),
	(77, 1, 1, 302, 98, 0, '2018-07-11 13:17:15', '2018-07-12 06:57:28'),
	(78, 1, 1, 303, 98, 0, '2018-07-11 13:17:15', '2018-07-12 06:57:28'),
	(79, 1, 1, 304, 98, 0, '2018-07-11 13:17:15', '2018-07-12 06:57:28'),
	(80, 1, 1, 305, 96, 0, '2018-07-11 13:17:15', '2018-07-12 06:57:28'),
	(81, 1, 1, 306, 98, 0, '2018-07-11 13:17:15', '2018-07-12 06:57:28'),
	(82, 1, 1, 307, 89, 0, '2018-07-11 13:17:15', '2018-07-17 06:57:23'),
	(83, 1, 1, 308, 93, 0, '2018-07-11 13:17:15', '2018-07-17 07:00:20'),
	(84, 1, 1, 309, 98, 0, '2018-07-11 13:17:15', '2018-07-12 06:57:28'),
	(85, 1, 1, 310, 99, 0, '2018-07-11 13:17:15', '2018-07-11 06:28:28'),
	(86, 1, 1, 311, 98, 0, '2018-07-11 13:17:15', '2018-07-12 06:57:28'),
	(87, 1, 1, 312, 99, 0, '2018-07-11 13:17:15', '2018-07-11 06:28:28'),
	(88, 1, 1, 313, 99, 0, '2018-07-11 13:17:15', '2018-07-11 06:28:28'),
	(89, 1, 1, 314, 98, 0, '2018-07-11 13:17:15', '2018-07-12 06:57:28'),
	(90, 1, 1, 315, 98, 0, '2018-07-11 13:17:15', '2018-07-12 06:57:28'),
	(91, 1, 1, 316, 99, 0, '2018-07-11 13:17:15', '2018-07-11 06:28:28'),
	(92, 1, 1, 317, 99, 0, '2018-07-11 13:17:15', '2018-07-11 06:28:28'),
	(93, 1, 1, 318, 99, 0, '2018-07-11 13:17:15', '2018-07-11 06:28:28'),
	(94, 1, 1, 319, 99, 0, '2018-07-11 13:17:15', '2018-07-12 13:39:23'),
	(95, 1, 1, 320, 99, 0, '2018-07-11 13:17:15', '2018-07-12 13:39:23'),
	(96, 1, 1, 321, 99, 0, '2018-07-11 13:17:15', '2018-07-12 13:39:23'),
	(97, 1, 1, 322, 98, 0, '2018-07-11 13:17:15', '2018-07-12 06:57:28'),
	(98, 1, 1, 323, 99, 0, '2018-07-11 13:17:15', '2018-07-12 13:39:23'),
	(99, 1, 1, 324, 95, 0, '2018-07-11 13:17:15', '2018-07-17 06:52:51'),
	(100, 1, 1, 325, 94, 0, '2018-07-11 13:17:15', '2018-07-17 06:52:51'),
	(101, 1, 1, 326, 97, 0, '2018-07-11 13:17:15', '2018-07-12 06:57:28'),
	(102, 1, 1, 327, 96, 0, '2018-07-11 13:17:15', '2018-07-17 06:52:51'),
	(103, 1, 1, 328, 94, 0, '2018-07-11 13:17:15', '2018-07-17 06:52:51'),
	(104, 1, 1, 329, 99, 0, '2018-07-11 13:17:15', '2018-07-12 13:39:23'),
	(105, 1, 1, 330, 99, 0, '2018-07-11 13:17:15', '2018-07-12 13:39:23'),
	(106, 2, 5, 326, 60, 0, '2018-07-13 14:12:23', NULL),
	(107, 2, 5, 326, 60, 0, '2018-07-13 14:34:58', NULL),
	(108, 2, 5, 326, 60, 0, '2018-07-13 14:47:29', NULL);
/*!40000 ALTER TABLE `d_stock` ENABLE KEYS */;

-- Dumping structure for table bisnis_tamma.d_stock_mutation
CREATE TABLE IF NOT EXISTS `d_stock_mutation` (
  `sm_stock` bigint(20) NOT NULL,
  `sm_detailid` tinyint(4) NOT NULL,
  `sm_date` datetime DEFAULT NULL,
  `sm_comp` int(11) DEFAULT NULL COMMENT '1: G. Bahan Baku | 2:G.Produksi |3: G.Grosir | 11: G. Retail',
  `sm_mutcat` tinyint(4) DEFAULT NULL,
  `sm_item` int(11) DEFAULT NULL,
  `sm_qty` decimal(10,2) DEFAULT NULL,
  `sm_qty_used` decimal(10,2) DEFAULT NULL,
  `sm_qty_expired` decimal(10,2) DEFAULT NULL,
  `sm_detail` varchar(255) DEFAULT NULL,
  `sm_hpp` decimal(10,2) DEFAULT NULL,
  `sm_sell` decimal(10,2) DEFAULT NULL,
  `sm_reff` varchar(50) DEFAULT NULL,
  `sm_insert` datetime DEFAULT NULL,
  `sm_update` datetime DEFAULT NULL,
  PRIMARY KEY (`sm_detailid`,`sm_stock`),
  KEY `FK_d_stock_mutation_d_gudangcabang` (`sm_comp`),
  KEY `FK_d_stock_mutation_d_stock` (`sm_stock`),
  KEY `FK_d_stock_mutation_d_stock_mutcat` (`sm_mutcat`),
  CONSTRAINT `FK_d_stock_mutation_d_gudangcabang` FOREIGN KEY (`sm_comp`) REFERENCES `d_gudangcabang` (`cg_id`),
  CONSTRAINT `FK_d_stock_mutation_d_stock` FOREIGN KEY (`sm_stock`) REFERENCES `d_stock` (`s_id`),
  CONSTRAINT `FK_d_stock_mutation_d_stock_mutcat` FOREIGN KEY (`sm_mutcat`) REFERENCES `d_stock_mutcat` (`smc_id`)
) ENGINE=InnoDB DEFAULT CHARSET=latin1 ROW_FORMAT=COMPACT;

-- Dumping data for table bisnis_tamma.d_stock_mutation: ~15 rows (approximately)
/*!40000 ALTER TABLE `d_stock_mutation` DISABLE KEYS */;
INSERT INTO `d_stock_mutation` (`sm_stock`, `sm_detailid`, `sm_date`, `sm_comp`, `sm_mutcat`, `sm_item`, `sm_qty`, `sm_qty_used`, `sm_qty_expired`, `sm_detail`, `sm_hpp`, `sm_sell`, `sm_reff`, `sm_insert`, `sm_update`) VALUES
	(36, 1, '2018-06-06 11:09:44', 2, 11, 162, 50.00, 50.00, 0.00, 'PENAMBAHAN', 10000.00, 12941.52, 'notaDO', '2018-06-06 12:22:50', NULL),
	(41, 1, '2018-06-06 16:49:28', 1, 9, 161, 10.00, 10.00, 0.00, 'PENAMBAHAN', 10000.00, 0.00, 'REQ1806067', '2018-06-06 16:49:28', '2018-07-05 07:16:04'),
	(42, 1, '2018-06-06 16:49:28', 1, 9, 166, 10.00, 10.00, 0.00, 'PENAMBAHAN', 10000.00, 0.00, 'REQ1806067', '2018-06-06 16:49:28', '2018-07-05 07:16:04'),
	(36, 2, '2018-06-06 11:21:18', 2, 1, 162, 5.00, 0.00, 0.00, 'PENGURANGAN', 10000.00, 12941.52, 'notaSales', '2018-06-06 12:28:38', NULL),
	(41, 2, '2018-06-07 11:08:52', 1, 9, 161, 10.00, 2.00, 0.00, 'PENAMBAHAN', 10000.00, 0.00, 'REQ1806079', '2018-06-07 11:08:52', '2018-07-05 07:16:04'),
	(42, 2, '2018-06-07 11:08:52', 1, 9, 166, 10.00, 7.00, 0.00, 'PENAMBAHAN', 10000.00, 0.00, 'REQ1806079', '2018-06-07 11:08:52', '2018-07-05 07:16:04'),
	(36, 3, '2018-06-06 12:28:55', 2, 1, 162, 10.00, 0.00, 0.00, 'PENGURANGAN', 10000.00, 12941.52, 'notaSales2', '2018-06-06 12:32:56', NULL),
	(41, 3, '2018-07-05 07:16:04', 1, 1, 161, 12.00, 0.00, 0.00, 'PENGURANGAN', NULL, NULL, 'XX18070536', '2018-07-05 07:16:04', NULL),
	(42, 3, '2018-06-08 14:50:42', 1, 1, 166, 10.00, 0.00, 0.00, 'PENGURANGAN', NULL, NULL, 'XX18060841', '2018-06-08 14:50:42', '2018-07-05 07:16:04'),
	(36, 4, '2018-06-06 12:33:15', 2, 3, 162, 15.00, 15.00, 0.00, 'PENAMBAHAN', 12000.00, 15000.00, 'notaDO2', '2018-06-06 12:35:25', NULL),
	(42, 4, '2018-07-05 07:16:04', 1, 1, 166, 12.00, 0.00, 0.00, 'PENGURANGAN', NULL, NULL, 'XX18070536', '2018-07-05 07:16:04', NULL),
	(36, 5, '2018-06-06 12:35:37', 2, 1, 162, 20.00, 0.00, 0.00, 'PENGURANGAN', 10000.00, 12941.52, 'notaSales3', '2018-06-06 12:37:38', NULL),
	(36, 6, '2018-06-06 12:37:59', 2, 1, 162, 15.00, 0.00, 0.00, 'PENGURANGAN', 10000.00, 12941.52, 'notaSales4', '2018-06-06 12:40:07', NULL),
	(36, 7, '2018-06-06 12:40:18', 2, 1, 162, 3.00, 0.00, 0.00, 'PENGURANGAN', 12000.00, 15000.00, 'notaSales4', '2018-06-06 12:41:57', NULL),
	(36, 8, '2018-06-06 12:43:29', 2, 11, 162, 12.00, 0.00, 0.00, 'PENGURANGAN', 12000.00, 15000.00, 'notaSales5', '2018-06-06 12:44:55', NULL);
/*!40000 ALTER TABLE `d_stock_mutation` ENABLE KEYS */;

-- Dumping structure for table bisnis_tamma.d_stock_mutcat
CREATE TABLE IF NOT EXISTS `d_stock_mutcat` (
  `smc_id` tinyint(4) NOT NULL,
  `smc_note` varchar(100) DEFAULT NULL,
  PRIMARY KEY (`smc_id`)
) ENGINE=InnoDB DEFAULT CHARSET=latin1;

-- Dumping data for table bisnis_tamma.d_stock_mutcat: ~11 rows (approximately)
/*!40000 ALTER TABLE `d_stock_mutcat` DISABLE KEYS */;
INSERT INTO `d_stock_mutcat` (`smc_id`, `smc_note`) VALUES
	(1, 'penjualan'),
	(2, 'Penggunaan Bahan Baku'),
	(3, 'Hasil Produksi'),
	(4, 'Bahan Baku Rusak'),
	(5, 'Bahan Baku Hilang'),
	(6, 'menambah opname '),
	(7, 'mengurangi opname '),
	(8, 'barang expired'),
	(9, 'penambahan stock'),
	(10, 'pengurangan stock'),
	(11, 'TRANSFER GROSIR');
/*!40000 ALTER TABLE `d_stock_mutcat` ENABLE KEYS */;

-- Dumping structure for table bisnis_tamma.d_supplier
CREATE TABLE IF NOT EXISTS `d_supplier` (
  `s_id` int(11) NOT NULL AUTO_INCREMENT,
  `s_company` varchar(100) DEFAULT NULL,
  `s_name` varchar(100) DEFAULT NULL,
  `s_address` varchar(100) DEFAULT NULL,
  `s_phone` varchar(50) DEFAULT NULL,
  `s_fax` varchar(50) DEFAULT NULL,
  `s_note` text,
  `s_insert` timestamp NULL DEFAULT NULL,
  `s_update` timestamp NOT NULL DEFAULT CURRENT_TIMESTAMP ON UPDATE CURRENT_TIMESTAMP,
  `s_limit` float DEFAULT NULL,
  PRIMARY KEY (`s_id`)
) ENGINE=InnoDB AUTO_INCREMENT=22 DEFAULT CHARSET=latin1;

-- Dumping data for table bisnis_tamma.d_supplier: ~2 rows (approximately)
/*!40000 ALTER TABLE `d_supplier` DISABLE KEYS */;
INSERT INTO `d_supplier` (`s_id`, `s_company`, `s_name`, `s_address`, `s_phone`, `s_fax`, `s_note`, `s_insert`, `s_update`, `s_limit`) VALUES
	(20, 'Dealer Honda', 'Supadi', 'Sumberejo Bojonegoro', '089765345678', '1234', NULL, NULL, '2018-03-23 10:47:10', 100),
	(21, 'ttt', 'fgfgfgf', 'bnbnbnb', '5454545', '43434', 'bvbvbvbvb', '2018-06-29 06:20:55', '2018-06-29 13:20:55', NULL);
/*!40000 ALTER TABLE `d_supplier` ENABLE KEYS */;

-- Dumping structure for table bisnis_tamma.d_transferitem
CREATE TABLE IF NOT EXISTS `d_transferitem` (
  `ti_id` int(11) NOT NULL AUTO_INCREMENT,
  `ti_time` datetime DEFAULT NULL,
  `ti_code` varchar(20) DEFAULT NULL,
  `ti_order` varchar(2) NOT NULL COMMENT 'RT: Retail | GR: Grosir',
  `ti_orderstaff` int(10) DEFAULT NULL COMMENT 'TEMPORARY DIABAIKAN',
  `ti_note` varchar(100) DEFAULT NULL,
  `ti_isapproved` enum('Y','N') NOT NULL DEFAULT 'N',
  `ti_issent` enum('Y','N') NOT NULL DEFAULT 'N',
  `ti_isreceived` enum('Y','N') NOT NULL DEFAULT 'N',
  `ti_insert` timestamp NULL DEFAULT NULL,
  `ti_update` timestamp NOT NULL DEFAULT CURRENT_TIMESTAMP ON UPDATE CURRENT_TIMESTAMP,
  PRIMARY KEY (`ti_id`)
) ENGINE=InnoDB AUTO_INCREMENT=14 DEFAULT CHARSET=latin1;

-- Dumping data for table bisnis_tamma.d_transferitem: ~13 rows (approximately)
/*!40000 ALTER TABLE `d_transferitem` DISABLE KEYS */;
INSERT INTO `d_transferitem` (`ti_id`, `ti_time`, `ti_code`, `ti_order`, `ti_orderstaff`, `ti_note`, `ti_isapproved`, `ti_issent`, `ti_isreceived`, `ti_insert`, `ti_update`) VALUES
	(1, '2018-04-17 00:00:00', 'REQ1804171', 'RT', NULL, 'js', 'Y', 'Y', 'Y', '2018-04-17 10:15:07', '2018-04-17 11:34:02'),
	(2, '2018-04-30 00:00:00', 'REQ1804302', 'RT', NULL, 'aku minta', 'N', 'N', 'N', '2018-04-30 00:10:14', '2018-04-30 00:10:14'),
	(3, '2018-05-27 00:00:00', 'REQ1805273', 'RT', NULL, 'aku jaluk', 'Y', 'Y', 'Y', '2018-05-27 11:40:47', '2018-05-27 11:41:19'),
	(4, '2018-05-31 00:00:00', 'REQ1805314', 'GR', NULL, NULL, 'Y', 'Y', 'N', '2018-05-31 04:07:49', '2018-05-31 04:07:49'),
	(5, '2018-05-31 00:00:00', 'REQ1805315', 'GR', NULL, NULL, 'Y', 'Y', 'N', '2018-05-31 04:08:19', '2018-05-31 04:08:19'),
	(6, '2018-05-31 00:00:00', 'REQ1805316', 'GR', NULL, NULL, 'Y', 'Y', 'N', '2018-05-31 04:14:51', '2018-05-31 04:14:51'),
	(7, '2018-06-06 00:00:00', 'REQ1806067', 'RT', NULL, 'minta 1', 'Y', 'Y', 'Y', '2018-06-06 06:04:34', '2018-06-06 16:49:28'),
	(8, '2018-06-06 00:00:00', 'REQ1806068', 'RT', NULL, NULL, 'Y', 'Y', 'Y', '2018-06-06 16:53:34', '2018-06-06 16:54:19'),
	(9, '2018-06-07 00:00:00', 'REQ1806079', 'GR', NULL, NULL, 'Y', 'Y', 'Y', '2018-06-07 10:23:13', '2018-06-07 11:08:52'),
	(10, '2018-06-08 00:00:00', 'REQ18060810', 'GR', NULL, 'kirim', 'Y', 'Y', 'Y', '2018-06-08 13:18:22', '2018-06-08 14:09:14'),
	(11, '2018-06-08 00:00:00', 'REQ18060811', 'GR', NULL, 'tt', 'Y', 'Y', 'Y', '2018-06-08 14:12:29', '2018-06-08 14:13:09'),
	(12, '2018-06-08 00:00:00', 'REQ18060812', 'GR', NULL, NULL, 'Y', 'Y', 'Y', '2018-06-08 14:15:23', '2018-06-08 14:15:48'),
	(13, '2018-06-08 00:00:00', 'REQ18060813', 'GR', NULL, NULL, 'Y', 'Y', 'Y', '2018-06-08 14:30:26', '2018-06-08 14:33:33');
/*!40000 ALTER TABLE `d_transferitem` ENABLE KEYS */;

-- Dumping structure for table bisnis_tamma.d_transferitem_dt
CREATE TABLE IF NOT EXISTS `d_transferitem_dt` (
  `tidt_id` int(11) NOT NULL,
  `tidt_detail` tinyint(4) NOT NULL,
  `tidt_item` int(11) DEFAULT NULL,
  `tidt_qty` decimal(10,0) DEFAULT NULL,
  `tidt_qty_appr` decimal(10,0) DEFAULT NULL,
  `tidt_apprtime` datetime DEFAULT NULL,
  `tidt_apprstaff` int(10) DEFAULT NULL COMMENT 'TEMPORARY DIABAIKAN',
  `tidt_qty_send` decimal(10,0) DEFAULT NULL,
  `tidt_sendtime` datetime DEFAULT NULL,
  `tidt_sendstaff` int(10) DEFAULT NULL COMMENT 'TEMPORARY DIABAIKAN',
  `tidt_qty_received` decimal(10,0) DEFAULT NULL,
  `tidt_receivedtime` datetime DEFAULT NULL,
  `tidt_receivedstaff` int(10) DEFAULT NULL COMMENT 'TEMPORARY DIABAIKAN',
  PRIMARY KEY (`tidt_id`,`tidt_detail`),
  CONSTRAINT `FK_d_request_dt_d_request_item` FOREIGN KEY (`tidt_id`) REFERENCES `d_transferitem` (`ti_id`) ON DELETE CASCADE ON UPDATE CASCADE
) ENGINE=InnoDB DEFAULT CHARSET=latin1;

-- Dumping data for table bisnis_tamma.d_transferitem_dt: ~17 rows (approximately)
/*!40000 ALTER TABLE `d_transferitem_dt` DISABLE KEYS */;
INSERT INTO `d_transferitem_dt` (`tidt_id`, `tidt_detail`, `tidt_item`, `tidt_qty`, `tidt_qty_appr`, `tidt_apprtime`, `tidt_apprstaff`, `tidt_qty_send`, `tidt_sendtime`, `tidt_sendstaff`, `tidt_qty_received`, `tidt_receivedtime`, `tidt_receivedstaff`) VALUES
	(1, 1, 176, 56, 5, '2018-04-17 11:28:55', NULL, 5, '2018-04-17 11:28:55', NULL, 3, '2018-04-17 11:34:02', NULL),
	(2, 1, 173, 5, NULL, NULL, NULL, NULL, NULL, NULL, NULL, NULL, NULL),
	(3, 1, 207, 5, 5, '2018-05-27 11:40:59', NULL, 5, '2018-05-27 11:40:59', NULL, 5, '2018-05-27 11:41:19', NULL),
	(4, 1, 320, 4, 4, '2018-05-31 04:07:49', NULL, 4, '2018-05-31 04:07:49', NULL, NULL, NULL, NULL),
	(5, 1, 320, 4, 4, '2018-05-31 04:08:19', NULL, 4, '2018-05-31 04:08:19', NULL, NULL, NULL, NULL),
	(6, 1, 320, 3, 3, '2018-05-31 04:14:51', NULL, 3, '2018-05-31 04:14:51', NULL, NULL, NULL, NULL),
	(7, 1, 161, 10, 10, '2018-06-06 06:05:19', NULL, 10, '2018-06-06 06:05:19', NULL, 10, '2018-06-06 04:27:34', NULL),
	(7, 2, 166, 10, 10, '2018-06-06 06:05:19', NULL, 10, '2018-06-06 06:05:19', NULL, 10, '2018-06-06 04:27:34', NULL),
	(8, 1, 161, 5, 5, '2018-06-06 04:53:48', NULL, 5, '2018-06-06 04:53:48', NULL, NULL, NULL, NULL),
	(8, 2, 166, 5, 5, '2018-06-06 04:53:48', NULL, 5, '2018-06-06 04:53:48', NULL, NULL, NULL, NULL),
	(9, 1, 161, 10, 10, '2018-06-07 10:23:13', NULL, 10, '2018-06-07 10:23:13', NULL, NULL, NULL, NULL),
	(9, 2, 166, 10, 10, '2018-06-07 10:23:13', NULL, 10, '2018-06-07 10:23:13', NULL, NULL, NULL, NULL),
	(10, 1, 207, 5, 5, '2018-06-08 01:18:22', NULL, 5, '2018-06-08 01:18:22', NULL, NULL, NULL, NULL),
	(11, 1, 166, 5, 5, '2018-06-08 02:12:29', NULL, 5, '2018-06-08 02:12:29', NULL, NULL, NULL, NULL),
	(11, 2, 207, 5, 5, '2018-06-08 02:12:29', NULL, 5, '2018-06-08 02:12:29', NULL, NULL, NULL, NULL),
	(12, 1, 166, 5, 5, '2018-06-08 02:15:23', NULL, 5, '2018-06-08 02:15:23', NULL, NULL, NULL, NULL),
	(13, 1, 563, 20, 20, '2018-06-08 02:30:26', NULL, 20, '2018-06-08 02:30:26', NULL, NULL, NULL, NULL);
/*!40000 ALTER TABLE `d_transferitem_dt` ENABLE KEYS */;

-- Dumping structure for table bisnis_tamma.migrations
CREATE TABLE IF NOT EXISTS `migrations` (
  `migration` varchar(255) NOT NULL,
  `batch` int(11) NOT NULL
) ENGINE=MyISAM DEFAULT CHARSET=latin1 ROW_FORMAT=DYNAMIC;

-- Dumping data for table bisnis_tamma.migrations: 110 rows
/*!40000 ALTER TABLE `migrations` DISABLE KEYS */;
INSERT INTO `migrations` (`migration`, `batch`) VALUES
	('2018_02_12_091908_create_customer_table', 1),
	('2018_02_12_091908_create_customer_table', 1),
	('2018_02_12_091908_create_customer_table', 1),
	('2018_02_12_091908_create_customer_table', 1),
	('2018_02_12_091908_create_customer_table', 1),
	('2018_02_12_091908_create_customer_table', 1),
	('2018_02_12_091908_create_customer_table', 1),
	('2018_02_12_091908_create_customer_table', 1),
	('2018_02_12_091908_create_customer_table', 1),
	('2018_02_12_091908_create_customer_table', 1),
	('2018_02_12_091908_create_customer_table', 1),
	('2018_02_12_091908_create_customer_table', 1),
	('2018_02_12_091908_create_customer_table', 1),
	('2018_02_12_091908_create_customer_table', 1),
	('2018_02_12_091908_create_customer_table', 1),
	('2018_02_12_091908_create_customer_table', 1),
	('2018_02_12_091908_create_customer_table', 1),
	('2018_02_12_091908_create_customer_table', 1),
	('2018_02_12_091908_create_customer_table', 1),
	('2018_02_12_091908_create_customer_table', 1),
	('2018_02_12_091908_create_customer_table', 1),
	('2018_02_12_091908_create_customer_table', 1),
	('2018_02_12_091908_create_customer_table', 1),
	('2018_02_12_091908_create_customer_table', 1),
	('2018_02_12_091908_create_customer_table', 1),
	('2018_02_12_091908_create_customer_table', 1),
	('2018_02_12_091908_create_customer_table', 1),
	('2018_02_12_091908_create_customer_table', 1),
	('2018_02_12_091908_create_customer_table', 1),
	('2018_02_12_091908_create_customer_table', 1),
	('2018_02_12_091908_create_customer_table', 1),
	('2018_02_12_091908_create_customer_table', 1),
	('2018_02_12_091908_create_customer_table', 1),
	('2018_02_12_091908_create_customer_table', 1),
	('2018_02_12_091908_create_customer_table', 1),
	('2018_02_12_091908_create_customer_table', 1),
	('2018_02_12_091908_create_customer_table', 1),
	('2018_02_12_091908_create_customer_table', 1),
	('2018_02_12_091908_create_customer_table', 1),
	('2018_02_12_091908_create_customer_table', 1),
	('2018_02_12_091908_create_customer_table', 1),
	('2018_02_12_091908_create_customer_table', 1),
	('2018_02_12_091908_create_customer_table', 1),
	('2018_02_12_091908_create_customer_table', 1),
	('2018_02_12_091908_create_customer_table', 1),
	('2018_02_12_091908_create_customer_table', 1),
	('2018_02_12_091908_create_customer_table', 1),
	('2018_02_12_091908_create_customer_table', 1),
	('2018_02_12_091908_create_customer_table', 1),
	('2018_02_12_091908_create_customer_table', 1),
	('2018_02_12_091908_create_customer_table', 1),
	('2018_02_12_091908_create_customer_table', 1),
	('2018_02_12_091908_create_customer_table', 1),
	('2018_02_12_091908_create_customer_table', 1),
	('2018_02_12_091908_create_customer_table', 1),
	('2018_02_12_091908_create_customer_table', 1),
	('2018_02_12_091908_create_customer_table', 1),
	('2018_02_12_091908_create_customer_table', 1),
	('2018_02_12_091908_create_customer_table', 1),
	('2018_02_12_091908_create_customer_table', 1),
	('2018_02_12_091908_create_customer_table', 1),
	('2018_02_12_091908_create_customer_table', 1),
	('2018_02_12_091908_create_customer_table', 1),
	('2018_02_12_091908_create_customer_table', 1),
	('2018_02_12_091908_create_customer_table', 1),
	('2018_02_12_091908_create_customer_table', 1),
	('2018_02_12_091908_create_customer_table', 1),
	('2018_02_12_091908_create_customer_table', 1),
	('2018_02_12_091908_create_customer_table', 1),
	('2018_02_12_091908_create_customer_table', 1),
	('2018_02_12_091908_create_customer_table', 1),
	('2018_02_12_091908_create_customer_table', 1),
	('2018_02_12_091908_create_customer_table', 1),
	('2018_02_12_091908_create_customer_table', 1),
	('2018_02_12_091908_create_customer_table', 1),
	('2018_02_12_091908_create_customer_table', 1),
	('2018_02_12_091908_create_customer_table', 1),
	('2018_02_12_091908_create_customer_table', 1),
	('2018_02_12_091908_create_customer_table', 1),
	('2018_02_12_091908_create_customer_table', 1),
	('2018_02_12_091908_create_customer_table', 1),
	('2018_02_12_091908_create_customer_table', 1),
	('2018_02_12_091908_create_customer_table', 1),
	('2018_02_12_091908_create_customer_table', 1),
	('2018_02_12_091908_create_customer_table', 1),
	('2018_02_12_091908_create_customer_table', 1),
	('2018_02_12_091908_create_customer_table', 1),
	('2018_02_12_091908_create_customer_table', 1),
	('2018_02_12_091908_create_customer_table', 1),
	('2018_02_12_091908_create_customer_table', 1),
	('2018_02_12_091908_create_customer_table', 1),
	('2018_02_12_091908_create_customer_table', 1),
	('2018_02_12_091908_create_customer_table', 1),
	('2018_02_12_091908_create_customer_table', 1),
	('2018_02_12_091908_create_customer_table', 1),
	('2018_02_12_091908_create_customer_table', 1),
	('2018_02_12_091908_create_customer_table', 1),
	('2018_02_12_091908_create_customer_table', 1),
	('2018_02_12_091908_create_customer_table', 1),
	('2018_02_12_091908_create_customer_table', 1),
	('2018_02_12_091908_create_customer_table', 1),
	('2018_02_12_091908_create_customer_table', 1),
	('2018_02_12_091908_create_customer_table', 1),
	('2018_02_12_091908_create_customer_table', 1),
	('2018_02_12_091908_create_customer_table', 1),
	('2018_02_12_091908_create_customer_table', 1),
	('2018_02_12_091908_create_customer_table', 1),
	('2018_02_12_091908_create_customer_table', 1),
	('2018_02_12_091908_create_customer_table', 1),
	('2018_02_12_091908_create_customer_table', 1);
/*!40000 ALTER TABLE `migrations` ENABLE KEYS */;

-- Dumping structure for table bisnis_tamma.m_cabang
CREATE TABLE IF NOT EXISTS `m_cabang` (
  `c_id` varchar(3) NOT NULL,
  `c_name` varchar(50) NOT NULL,
  `c_insert` datetime DEFAULT NULL,
  `c_update` datetime DEFAULT NULL,
  PRIMARY KEY (`c_id`)
) ENGINE=InnoDB DEFAULT CHARSET=latin1;

-- Dumping data for table bisnis_tamma.m_cabang: ~10 rows (approximately)
/*!40000 ALTER TABLE `m_cabang` DISABLE KEYS */;
INSERT INTO `m_cabang` (`c_id`, `c_name`, `c_insert`, `c_update`) VALUES
	('GB1', 'GUDANG BAHANBAKU 1', '2018-05-02 14:38:18', '2018-05-02 14:38:16'),
	('GB2', 'GUDANG BAHANBAKU 2', '2018-05-02 14:43:32', '2018-05-02 14:43:33'),
	('GC', 'GUDANG CUSTOMER', '2018-05-02 14:35:46', '2018-05-02 14:35:48'),
	('GG1', 'GUDANG GROSIR 1', '2018-05-02 14:14:33', '2018-05-02 14:14:40'),
	('GG2', 'GUDANG  GROSIR 2', '2018-05-02 14:14:34', '2018-05-02 14:14:39'),
	('GP1', 'GUDANG  PRODUKSI 1', '2018-05-02 14:14:34', '2018-05-02 14:14:36'),
	('GP2', 'GUDANG  PRODUKSI 2', '2018-05-02 14:14:35', '2018-05-02 14:14:38'),
	('GR1', 'GUDANG  RETAIL 1', '2018-05-02 14:11:26', '2018-05-02 14:11:27'),
	('GR2', 'GUDANG  RETAIL 2', '2018-05-02 14:14:32', '2018-05-02 14:14:41'),
	('GS', 'GUDANG SENDING', '2018-05-02 14:38:14', '2018-05-02 14:38:15');
/*!40000 ALTER TABLE `m_cabang` ENABLE KEYS */;

-- Dumping structure for table bisnis_tamma.m_customer
CREATE TABLE IF NOT EXISTS `m_customer` (
  `c_id` int(11) NOT NULL AUTO_INCREMENT,
  `c_code` varchar(20) COLLATE utf8_unicode_ci NOT NULL,
  `c_name` varchar(100) COLLATE utf8_unicode_ci NOT NULL,
  `c_birthday` date DEFAULT NULL,
  `c_email` varchar(150) COLLATE utf8_unicode_ci DEFAULT NULL,
  `c_hp` varchar(50) COLLATE utf8_unicode_ci NOT NULL,
  `c_address` text COLLATE utf8_unicode_ci,
  `c_class` varchar(1) COLLATE utf8_unicode_ci DEFAULT NULL COMMENT 'A | B | C',
  `c_type` varchar(2) COLLATE utf8_unicode_ci DEFAULT NULL COMMENT 'RT: Retail | GR: Grosir',
  `c_insert` timestamp NULL DEFAULT NULL,
  `c_update` timestamp NOT NULL DEFAULT CURRENT_TIMESTAMP ON UPDATE CURRENT_TIMESTAMP,
  PRIMARY KEY (`c_id`),
  UNIQUE KEY `c_code` (`c_code`)
) ENGINE=InnoDB AUTO_INCREMENT=11 DEFAULT CHARSET=utf8 COLLATE=utf8_unicode_ci ROW_FORMAT=DYNAMIC;

-- Dumping data for table bisnis_tamma.m_customer: ~6 rows (approximately)
/*!40000 ALTER TABLE `m_customer` DISABLE KEYS */;
INSERT INTO `m_customer` (`c_id`, `c_code`, `c_name`, `c_birthday`, `c_email`, `c_hp`, `c_address`, `c_class`, `c_type`, `c_insert`, `c_update`) VALUES
	(1, 'CUS0618/C001/001', 'Mahmud', '1970-01-01', 'mahmud1@gmail.com', '4545454', 'Jl. Mahmud Surabaya', 'A', 're', '2018-06-28 02:48:07', '2018-07-05 07:48:53'),
	(2, 'CUS0618/C001/002', 'aya', NULL, NULL, '454545', NULL, 'C', 'RT', '2018-06-28 04:17:33', '2018-06-28 11:17:33'),
	(3, 'CUS0618/C001/003', 'ed', '0000-00-00', NULL, '454545', NULL, 'B', 'RT', '2018-06-28 07:20:37', '2018-06-28 14:22:53'),
	(4, 'CUS0618/C001/004', 'meli', '0000-00-00', 'mahmudbojonegoro@gmail.com', '676767', NULL, NULL, 'GR', '2018-06-29 03:49:30', '2018-06-29 10:49:30'),
	(5, 'CUS0718/C001/005', 'ggg', '0000-00-00', 'demo.user@justinc.me', '4546456', '444', NULL, 'GR', '2018-07-02 02:52:33', '2018-07-02 09:52:33'),
	(6, 'CUS0718/C001/006', 'cius', NULL, 'mahmud1@gmail.com', '343434', NULL, 'B', 'GR', '2018-07-02 03:04:26', '2018-07-02 10:04:26'),
	(7, 'CUS0718/C001/007', 'Ari', '0000-00-00', 'admin1234@gmail.com', '085331219757', 'Jl. sby Surabaya', 'A', 'GR', '2018-07-06 03:06:06', '2018-07-06 10:06:06'),
	(8, 'CUS0718/C001/008', 'Kandol Lua Lua', '0000-00-00', 'kandol@gmail.com', '+62085331219757', 'jl. congo congo', 'B', 'RT', '2018-07-17 06:50:50', '2018-07-17 13:50:50'),
	(9, 'CUS0718/C001/009', 'Mputu Zakarani', '0000-00-00', 'mputu@steam.com', '+6285331219757', 'jl. ebola river republic of congo', 'B', 'RT', '2018-07-17 06:55:43', '2018-07-17 13:55:43'),
	(10, 'CUS0718/C001/0010', 'Seko Jose', '0000-00-00', 'seko@congo.co', '+6285331219757', 'jl. ebola river republic of congo', 'B', 'RT', '2018-07-17 06:59:02', '2018-07-17 13:59:02');
/*!40000 ALTER TABLE `m_customer` ENABLE KEYS */;

-- Dumping structure for table bisnis_tamma.m_employee
CREATE TABLE IF NOT EXISTS `m_employee` (
  `e_id` smallint(6) NOT NULL AUTO_INCREMENT,
  `e_nama` varchar(50) NOT NULL DEFAULT '0',
  PRIMARY KEY (`e_id`)
) ENGINE=InnoDB DEFAULT CHARSET=latin1;

-- Dumping data for table bisnis_tamma.m_employee: ~0 rows (approximately)
/*!40000 ALTER TABLE `m_employee` DISABLE KEYS */;
/*!40000 ALTER TABLE `m_employee` ENABLE KEYS */;

-- Dumping structure for table bisnis_tamma.m_group
CREATE TABLE IF NOT EXISTS `m_group` (
  `m_gid` int(11) NOT NULL AUTO_INCREMENT,
  `m_gcode` varchar(50) DEFAULT NULL,
  `m_gname` varchar(255) DEFAULT NULL,
  `m_gcreate` timestamp NULL DEFAULT CURRENT_TIMESTAMP,
  `m_gupdate` timestamp NULL DEFAULT NULL,
  PRIMARY KEY (`m_gid`),
  UNIQUE KEY `m_gcode` (`m_gcode`)
) ENGINE=InnoDB AUTO_INCREMENT=13 DEFAULT CHARSET=latin1;

-- Dumping data for table bisnis_tamma.m_group: ~12 rows (approximately)
/*!40000 ALTER TABLE `m_group` DISABLE KEYS */;
INSERT INTO `m_group` (`m_gid`, `m_gcode`, `m_gname`, `m_gcreate`, `m_gupdate`) VALUES
	(1, '000', 'BAHAN BAKU PRODUK', '2018-06-07 08:11:37', '2018-06-07 01:18:04'),
	(2, '003', 'BAHAN PEMBUNGKUS', '2018-06-07 08:11:37', '2018-06-07 01:18:04'),
	(3, '004', 'ROTI', '2018-07-03 13:23:36', NULL),
	(4, '005', 'KULIT KEBAB', '2018-07-03 13:26:09', NULL),
	(5, '006', 'DAGING', '2018-07-03 13:28:09', NULL),
	(6, '008', 'PRODUK CAIR', '2018-07-03 13:28:43', NULL),
	(7, '009', 'BAHAN BAKU BENGKEL', '2018-07-03 13:29:05', NULL),
	(8, '011', 'BARANG DAGANGAN', '2018-07-03 13:29:43', NULL),
	(9, '012', 'ONGKOS KIRIM', '2018-07-03 13:30:08', NULL),
	(10, '013', 'MINUMAN', '2018-07-03 13:30:30', NULL),
	(11, '014', 'MAKANAN FROZEN', '2018-07-03 13:31:01', NULL),
	(12, '015', 'PAJAK 10%', '2018-07-03 13:31:20', NULL);
/*!40000 ALTER TABLE `m_group` ENABLE KEYS */;

-- Dumping structure for table bisnis_tamma.m_gudang
CREATE TABLE IF NOT EXISTS `m_gudang` (
  `g_id` char(2) NOT NULL,
  `g_name` varchar(30) DEFAULT NULL,
  `g_insert` datetime DEFAULT NULL,
  `g_update` datetime DEFAULT NULL,
  PRIMARY KEY (`g_id`)
) ENGINE=InnoDB DEFAULT CHARSET=latin1;

-- Dumping data for table bisnis_tamma.m_gudang: ~6 rows (approximately)
/*!40000 ALTER TABLE `m_gudang` DISABLE KEYS */;
INSERT INTO `m_gudang` (`g_id`, `g_name`, `g_insert`, `g_update`) VALUES
	('GB', 'GUDANG BAHAN BAKU', '2018-05-02 13:45:22', '2018-05-02 13:45:23'),
	('GC', 'GUDANG CUSTOMER', '2018-05-02 13:45:55', '2018-05-02 13:45:56'),
	('GG', 'GUDANG GROSIR', '2018-05-02 13:42:05', '2018-05-02 13:42:06'),
	('GP', 'GUDANG PRODUKSI', '2018-05-02 13:42:51', '2018-05-02 13:42:52'),
	('GR', 'GUDANG RETAIL', '2018-05-02 13:42:07', '2018-05-02 13:42:08'),
	('GS', 'GUDANG SENDING', '2018-05-02 13:46:33', '2018-05-02 13:46:34');
/*!40000 ALTER TABLE `m_gudang` ENABLE KEYS */;

-- Dumping structure for table bisnis_tamma.m_item
CREATE TABLE IF NOT EXISTS `m_item` (
  `i_id` int(11) NOT NULL AUTO_INCREMENT,
  `i_code` varchar(12) NOT NULL,
  `i_type` varchar(5) DEFAULT NULL COMMENT 'BB: Bahan Baku | BP: Barang Produksi | BJ: Barang Jualan',
  `i_code_group` varchar(20) DEFAULT NULL,
  `i_name` varchar(50) DEFAULT NULL,
  `i_sat1` varchar(10) DEFAULT NULL,
  `i_sat2` varchar(10) DEFAULT NULL,
  `i_sat3` varchar(10) DEFAULT NULL,
  `i_sat_isi1` decimal(10,5) DEFAULT NULL,
  `i_sat_isi2` decimal(10,5) DEFAULT NULL,
  `i_sat_isi3` decimal(10,5) DEFAULT NULL,
  `i_det` varchar(150) DEFAULT NULL COMMENT 'DETAIL',
  `i_insert` timestamp NULL DEFAULT CURRENT_TIMESTAMP,
  `i_update` timestamp NULL DEFAULT NULL,
  PRIMARY KEY (`i_id`),
  UNIQUE KEY `i_kode` (`i_code`)
) ENGINE=InnoDB AUTO_INCREMENT=652 DEFAULT CHARSET=latin1;

-- Dumping data for table bisnis_tamma.m_item: ~646 rows (approximately)
/*!40000 ALTER TABLE `m_item` DISABLE KEYS */;
INSERT INTO `m_item` (`i_id`, `i_code`, `i_type`, `i_code_group`, `i_name`, `i_sat1`, `i_sat2`, `i_sat3`, `i_sat_isi1`, `i_sat_isi2`, `i_sat_isi3`, `i_det`, `i_insert`, `i_update`) VALUES
	(1, '000000000001', 'BB', '000', 'Carfosel', '3', '3', '3', 1.00000, 1.00000, 1.00000, NULL, '2018-06-05 02:46:46', NULL),
	(2, '000000000002', 'BB', '000', 'Cold Storage 3m x 2m', '2', '2', '2', 1.00000, 1.00000, 1.00000, NULL, '2018-06-05 02:46:46', NULL),
	(3, '000000000003', 'BB', '000', 'TP', '3', '3', '3', 1.00000, 1.00000, 1.00000, NULL, '2018-06-05 02:46:46', NULL),
	(4, '000000000004', 'BB', '000', 'Strawberry', '1', '3', '3', 1.00000, 1.00000, 1.00000, NULL, '2018-06-05 02:46:46', NULL),
	(5, '000000000005', 'BB', '000', 'Bubuk Cabe', '6', '3', '3', 1.00000, 1.00000, 1.00000, NULL, '2018-06-05 02:46:46', NULL),
	(6, '000000000006', 'BB', '000', 'Coklat Cacao Bendico XD Xtra Dark 5 kg', '3', '3', '1', 1.00000, 1.00000, 1.00000, NULL, '2018-06-05 02:46:46', NULL),
	(7, '000000000007', 'BB', '000', 'Air', '7', '7', '7', 1.00000, 1.00000, 1.00000, NULL, '2018-06-05 02:46:46', NULL),
	(8, '000000000008', 'BB', '000', 'Tepung Cakra', '3', '3', '3', 1.00000, 1.00000, 1.00000, NULL, '2018-06-05 02:46:46', NULL),
	(9, '000000000009', 'BB', '000', 'Cabe', '3', '3', '3', 1.00000, 1.00000, 1.00000, NULL, '2018-06-05 02:46:46', NULL),
	(10, '000000000010', 'BB', '000', 'jagung', '4', '9', '3', 1.00000, 1.00000, 1.00000, NULL, '2018-06-05 02:46:46', NULL),
	(11, '000000000011', 'BB', '000', 'Beras', '3', '3', '3', 1.00000, 1.00000, 1.00000, NULL, '2018-06-05 02:46:46', NULL),
	(12, '000000000012', 'BB', '000', 'tabung+ isi', '4', '4', '4', 1.00000, 1.00000, 1.00000, NULL, '2018-06-05 02:46:46', NULL),
	(13, '000000000013', 'BB', '000', 'Bayam', 'IKAT', 'IKAT', 'IKAT', 1.00000, 1.00000, 1.00000, NULL, '2018-06-05 02:46:46', NULL),
	(14, '000000000014', 'BB', '000', 'racikan burger', '3', '3', '3', 1.00000, 1.00000, 1.00000, NULL, '2018-06-05 02:46:46', NULL),
	(15, '000000000015', 'BB', '000', 'racikan pita', '3', '3', '3', 1.00000, 1.00000, 1.00000, NULL, '2018-06-05 02:46:46', NULL),
	(16, '000000000016', 'BB', '000', 'Tepung jagung', '1', '8', '3', 1.00000, 1.00000, 1.00000, NULL, '2018-06-05 02:46:46', NULL),
	(17, '000000000017', 'BB', '000', 'Empok Jagung ', '3', '3', '3', 1.00000, 1.00000, 1.00000, NULL, '2018-06-05 02:46:46', NULL),
	(18, '000000000018', 'BB', '000', 'STTP( PENGENYAL)', '3', '3', '3', 1.00000, 1.00000, 1.00000, NULL, '2018-06-05 02:46:46', NULL),
	(19, '000000000019', 'BB', '000', 'KENOR', '3', '3', '3', 1.00000, 1.00000, 1.00000, NULL, '2018-06-05 02:46:46', NULL),
	(20, '000000000020', 'BB', '000', 'klem selang', '4', '4', '4', 1.00000, 1.00000, 1.00000, NULL, '2018-06-05 02:46:46', NULL),
	(21, '000000000021', 'BB', '000', 'MAYO PROCHIZ', '7', '7', '7', 1.00000, 1.00000, 1.00000, NULL, '2018-06-05 02:46:46', NULL),
	(22, '000000000022', 'BB', '000', 'Origano', '9', '9', '9', 1.00000, 1.00000, 1.00000, NULL, '2018-06-05 02:46:46', NULL),
	(23, '000000000023', 'BB', '000', 'Ampok', '3', '3', '3', 1.00000, 1.00000, 1.00000, NULL, '2018-06-05 02:46:46', NULL),
	(24, '000000000024', 'BB', '000', 'Palmia', '3', '3', '3', 1.00000, 1.00000, 1.00000, NULL, '2018-06-05 02:46:46', NULL),
	(25, '000000000025', 'BB', '000', 'Amanda', '3', '3', '3', 1.00000, 1.00000, 1.00000, NULL, '2018-06-05 02:46:46', NULL),
	(26, '000000000026', 'BB', '000', 'Duren', '3', '3', '3', 1.00000, 1.00000, 1.00000, NULL, '2018-06-05 02:46:46', NULL),
	(27, '000000000027', 'BB', '000', 'Essen Durian', '6', '6', '6', 1.00000, 1.00000, 1.00000, NULL, '2018-06-05 02:46:46', NULL),
	(28, '000000000028', 'BB', '000', 'KNOR', '3', '3', '3', 1.00000, 1.00000, 1.00000, NULL, '2018-06-05 02:46:46', NULL),
	(29, '000000000029', 'BB', '000', 'Tortilla Besar Ungu ', '1', '1', '1', 1.00000, 1.00000, 1.00000, NULL, '2018-06-05 02:46:46', NULL),
	(30, '000000000030', 'BB', '000', 'Bubuk lada putih', '6', '6', '6', 1.00000, 1.00000, 1.00000, NULL, '2018-06-05 02:46:46', NULL),
	(31, '000000000031', 'BB', '000', 'Daging Ayam 2kg Sahara', '1', '1', '1', 1.00000, 1.00000, 1.00000, NULL, '2018-06-05 02:46:46', NULL),
	(32, '000000000032', 'BB', '000', 'Loyang Kecil', '2', '2', '2', 1.00000, 1.00000, 1.00000, NULL, '2018-06-05 02:46:46', NULL),
	(33, '000000000033', 'BB', '000', 'Jirigen ', '7', '7', '7', 1.00000, 1.00000, 1.00000, NULL, '2018-06-05 02:46:46', NULL),
	(34, '000000000034', 'BB', '000', 'Pewarna Biru', '7', '7', '7', 1.00000, 1.00000, 1.00000, NULL, '2018-06-05 02:46:46', NULL),
	(35, '000000000035', 'BB', '000', 'Daging Kebab Sahara 2kg Reg Tiang', '1', '1', '1', 1.00000, 1.00000, 1.00000, NULL, '2018-06-05 02:46:46', NULL),
	(36, '000000000036', 'BB', '000', 'Tepung mokaf', '3', '3', '3', 1.00000, 1.00000, 1.00000, NULL, '2018-06-05 02:46:46', NULL),
	(37, '000000000037', 'BJ', '011', 'lap kuning kebab shoib', '1', '1', '1', 1.00000, 1.00000, 1.00000, NULL, '2018-06-05 02:46:46', NULL),
	(38, '000000000038', 'BB', '000', 'Tepung Kanji', '3', '3', '3', 1.00000, 1.00000, 1.00000, NULL, '2018-06-05 02:46:46', NULL),
	(39, '000000000039', 'BB', '000', 'mny 18 ltr', '7', '7', '7', 1.00000, 1.00000, 1.00000, NULL, '2018-06-05 02:46:46', NULL),
	(40, '000000000040', 'BB', '000', 'Daging Kebab Sapi 0', '1', '1', '1', 0.00000, 1.00000, 1.00000, NULL, '2018-06-05 02:46:46', NULL),
	(41, '000000000041', 'BB', '000', 'Daging Kebab Sapi 1 kg tnp tiang', '1', '1', '1', 1.00000, 1.00000, 1.00000, NULL, '2018-06-05 02:46:46', NULL),
	(42, '000000000042', 'BB', '000', 'Daging Kebab Sapi 2 kg tnp tiang', '1', '1', '1', 1.00000, 1.00000, 1.00000, NULL, '2018-06-05 02:46:46', NULL),
	(43, '000000001', 'BB', '000', 'BB', '4', '4', '4', 1.00000, 1.00000, 1.00000, NULL, '2018-06-05 02:46:46', NULL),
	(44, '000000002', 'BB', '000', 'Bawang Merah', '3', '3', '3', 1.00000, 1.00000, 1.00000, NULL, '2018-06-05 02:46:46', NULL),
	(45, '000000003', 'BB', '000', 'Bawang Putih', '8', '9', 'SAK', 1.00000, 1.00000, 1.00000, NULL, '2018-06-05 02:46:46', NULL),
	(46, '000000004', 'BB', '000', 'By', '3', 'SAK', 'SAK', 1.00000, 1.00000, 1.00000, NULL, '2018-06-05 02:46:46', NULL),
	(47, '000000005', 'BB', '000', 'Cs', '4', '4', '4', 1.00000, 1.00000, 1.00000, NULL, '2018-06-05 02:46:46', NULL),
	(48, '000000006', 'BB', '000', 'Gr', '3', '3', '3', 1.00000, 1.00000, 1.00000, NULL, '2018-06-05 02:46:46', NULL),
	(49, '000000007', 'BB', '000', 'Gl', '3', '3', '3', 1.00000, 1.00000, 1.00000, NULL, '2018-06-05 02:46:46', NULL),
	(50, '000000008', 'BB', '000', 'JH', '3', '3', '3', 1.00000, 1.00000, 1.00000, NULL, '2018-06-05 02:46:46', NULL),
	(51, '000000009', 'BB', '000', 'TK', '3', 'SAK', 'SAK', 1.00000, 1.00000, 1.00000, NULL, '2018-06-05 02:46:46', NULL),
	(52, '000000010', 'BB', '000', 'Lemak', '4', '4', '4', 1.00000, 1.00000, 1.00000, NULL, '2018-06-05 02:46:46', NULL),
	(53, '000000011', 'BB', '000', 'Tepung Maezena', '3', '3', '3', 1.00000, 1.00000, 1.00000, NULL, '2018-06-05 02:46:46', NULL),
	(54, '000000014', 'BB', '000', 'Mny', '7', '7', '7', 1.00000, 1.00000, 1.00000, NULL, '2018-06-05 02:46:46', NULL),
	(55, '000000015', 'BB', '000', 'Mt', '3', '3', '3', 1.00000, 1.00000, 1.00000, NULL, '2018-06-05 02:46:46', NULL),
	(56, '000000018', 'BB', '003', 'Plastik Bungkus Mayonaisse', '10', '10', '10', 1.00000, 1.00000, 1.00000, NULL, '2018-06-05 02:46:46', NULL),
	(57, '000000019', 'BB', '003', 'Plastik Bungkus TB', '10', '1', '1', 1.00000, 1.00000, 1.00000, NULL, '2018-06-05 02:46:46', NULL),
	(58, '000000020', 'BB', '003', 'Plastik Bungkus TC', '10', '1', '1', 1.00000, 1.00000, 1.00000, NULL, '2018-06-05 02:46:46', NULL),
	(59, '000000021', 'BB', '003', 'Plastik Bungkus TM', '10', '1', '1', 1.00000, 1.00000, 1.00000, NULL, '2018-06-05 02:46:46', NULL),
	(60, '000000022', 'BB', '003', 'Plastik Bungkus TS', '10', '1', '1', 1.00000, 1.00000, 1.00000, NULL, '2018-06-05 02:46:46', NULL),
	(61, '000000023', 'BB', '003', 'Kresek Jumbo', '1', '1', '1', 1.00000, 1.00000, 1.00000, NULL, '2018-06-05 02:46:46', NULL),
	(62, '000000024', 'BB', '003', 'Kresek Tanggung', '1', '1', '1', 1.00000, 1.00000, 1.00000, NULL, '2018-06-05 02:46:46', NULL),
	(63, '000000025', 'BB', '003', 'Plastik Pembatas TB', '1', '1', '1', 1.00000, 0.00000, 0.00000, NULL, '2018-06-05 02:46:46', NULL),
	(64, '000000026', 'BB', '000', 'Ry', '4', 'DOS', 'DOS', 1.00000, 1.00000, 1.00000, NULL, '2018-06-05 02:46:46', NULL),
	(65, '000000027', 'BB', '000', 'Sp', '3', '3', '3', 1.00000, 1.00000, 1.00000, NULL, '2018-06-05 02:46:46', NULL),
	(66, '000000028', 'BB', '000', 'Tl', '3', 'PETI', 'PETI', 1.00000, 1.00000, 1.00000, NULL, '2018-06-05 02:46:46', NULL),
	(67, '000000029', 'BB', '000', 'TS', '3', 'SAK', 'SAK', 1.00000, 1.00000, 1.00000, NULL, '2018-06-05 02:46:46', NULL),
	(68, '000000030', 'BB', '000', 'TC', '3', 'SAK', 'SAK', 1.00000, 1.00000, 1.00000, NULL, '2018-06-05 02:46:46', NULL),
	(69, '000000031', 'BB', '000', 'Wj', '8', '3', '3', 1.00000, 1.00000, 1.00000, NULL, '2018-06-05 02:46:46', NULL),
	(70, '000000032', 'BB', '000', 'Bumbu K', '8', '9', '3', 1.00000, 1.00000, 1.00000, NULL, '2018-06-05 02:46:46', NULL),
	(71, '000000033', 'BB', '000', 'Bumbu P', '8', '9', '3', 1.00000, 1.00000, 1.00000, NULL, '2018-06-05 02:46:46', NULL),
	(72, '000000034', 'BB', '000', 'LPG', '2', '2', '2', 1.00000, 1.00000, 1.00000, NULL, '2018-06-05 02:46:46', NULL),
	(73, '000000035', 'BB', '003', 'Plastik Pembatas TS', '1', '1', '1', 1.00000, 0.00000, 0.00000, NULL, '2018-06-05 02:46:46', NULL),
	(74, '000000036', 'BB', '003', 'Plastik Pembatas TM', '1', '1', '1', 1.00000, 0.00000, 0.00000, NULL, '2018-06-05 02:46:46', NULL),
	(75, '000000037', 'BB', '003', 'Plastik Pembatas TJ', '1', '1', '1', 1.00000, 0.00000, 0.00000, NULL, '2018-06-05 02:46:46', NULL),
	(76, '000000038', 'BB', '003', 'Plastik Burger Besar', '10', '1', '1', 1.00000, 1.00000, 1.00000, NULL, '2018-06-05 02:46:46', NULL),
	(77, '000000039', 'BB', '003', 'Plastik Burger Kecil', '10', '1', '1', 1.00000, 1.00000, 1.00000, NULL, '2018-06-05 02:46:46', NULL),
	(78, '000000040', 'BB', '000', 'SK (48 kaleng kecil', '5', '5', '5', 0.00000, 1.00000, 1.00000, NULL, '2018-06-05 02:46:46', NULL),
	(79, '000000041', 'BB', '003', 'Plastik Pres besar', '1', '1', '1', 1.00000, 1.00000, 1.00000, NULL, '2018-06-05 02:46:46', NULL),
	(80, '000000042', 'BB', '003', 'Plastik Pres Sedang', '1', '1', '1', 1.00000, 1.00000, 1.00000, NULL, '2018-06-05 02:46:46', NULL),
	(81, '000000043', 'BB', '003', 'Plastik Pres Kecil', '1', '1', '1', 1.00000, 1.00000, 1.00000, NULL, '2018-06-05 02:46:46', NULL),
	(82, '000000044', 'BB', '000', 'Dg', '3', '3', '3', 1.00000, 1.00000, 1.00000, NULL, '2018-06-05 02:46:46', NULL),
	(83, '000000045', 'BB', '000', 'Galon', 'GLN', 'GLN', 'GLN', 1.00000, 1.00000, 1.00000, NULL, '2018-06-05 02:46:46', NULL),
	(84, '000000046', 'BB', '000', 'BBQ', '3', '3', '3', 1.00000, 1.00000, 1.00000, NULL, '2018-06-05 02:46:46', NULL),
	(85, '000000047', 'BB', '000', 'CP', '3', '3', '3', 1.00000, 1.00000, 1.00000, NULL, '2018-06-05 02:46:46', NULL),
	(86, '000000048', 'BB', '000', 'CO', '3', 'SAK', 'SAK', 1.00000, 1.00000, 1.00000, NULL, '2018-06-05 02:46:46', NULL),
	(87, '000000049', 'BB', '000', 'R', '8', '8', '3', 1.00000, 1.00000, 1.00000, NULL, '2018-06-05 02:46:46', NULL),
	(88, '000000050', 'BB', '000', 'Vit', '8', '8', '8', 1.00000, 1.00000, 1.00000, NULL, '2018-06-05 02:46:46', NULL),
	(89, '000000052', 'BB', '000', 'PL', '4', '4', '4', 1.00000, 1.00000, 1.00000, NULL, '2018-06-05 02:46:46', NULL),
	(90, '000000054', 'BB', '000', 'Mrc', 'BKS', 'BKS', 'BKS', 1.00000, 1.00000, 1.00000, NULL, '2018-06-05 02:46:46', NULL),
	(91, '000000059', 'BB', '000', 'Ay', '3', '3', '3', 1.00000, 1.00000, 1.00000, NULL, '2018-06-05 02:46:46', NULL),
	(92, '000000063', 'BB', '003', 'Tali Rafia', 'BKS', 'BKS', 'BKS', 1.00000, 1.00000, 1.00000, NULL, '2018-06-05 02:46:46', NULL),
	(93, '000000066', 'BB', '000', 'Bahan Saos Sambal', 'BAL', 'BAL', 'BAL', 1.00000, 1.00000, 1.00000, NULL, '2018-06-05 02:46:46', NULL),
	(94, '000000067', 'BB', '000', 'Bahan Saos Tomat', 'BAL', 'BAL', 'BAL', 1.00000, 1.00000, 1.00000, NULL, '2018-06-05 02:46:46', NULL),
	(95, '000000068', 'BB', '000', 'Ktm', '3', '3', '3', 1.00000, 1.00000, 1.00000, NULL, '2018-06-05 02:46:46', NULL),
	(96, '000000069', 'BB', '000', 'TR', '3', '3', '3', 1.00000, 1.00000, 1.00000, NULL, '2018-06-05 02:46:46', NULL),
	(97, '000000070', 'BB', '000', 'olesan', '4', '4', '4', 1.00000, 1.00000, 1.00000, NULL, '2018-06-05 02:46:46', NULL),
	(98, '000000071', 'BB', '000', 'Warna', '4', '4', '4', 1.00000, 1.00000, 1.00000, NULL, '2018-06-05 02:46:46', NULL),
	(99, '000000072', 'BB', '000', 'mayo ladyschoice', 'DOS', 'DOS', 'DOS', 1.00000, 1.00000, 1.00000, NULL, '2018-06-05 02:46:46', NULL),
	(100, '000000073', 'BB', '000', 'mayo best food', '7', '7', 'DOS', 1.00000, 1.00000, 1.00000, NULL, '2018-06-05 02:46:46', NULL),
	(101, '000000074', 'BB', '000', 'Soya Protein/TVP', '3', 'SAK', 'SAK', 1.00000, 1.00000, 1.00000, NULL, '2018-06-05 02:46:46', NULL),
	(102, '000000075', 'BB', '000', 'T', '4', '4', '4', 1.00000, 1.00000, 1.00000, NULL, '2018-06-05 02:46:46', NULL),
	(103, '000000076', 'BB', '000', 'F', '3', '3', '3', 1.00000, 1.00000, 1.00000, NULL, '2018-06-05 02:46:46', NULL),
	(104, '000000077', 'BB', '000', 'is', '4', '4', '4', 1.00000, 1.00000, 1.00000, NULL, '2018-06-05 02:46:46', NULL),
	(105, '000000078', 'BB', '000', 'C Powder', '3', '3', '3', 1.00000, 1.00000, 1.00000, NULL, '2018-06-05 02:46:46', NULL),
	(106, '000000080', 'BB', '000', 'Calcium Propionate', '3', '3', '3', 1.00000, 1.00000, 1.00000, NULL, '2018-06-05 02:46:46', NULL),
	(107, '000000081', 'BB', '003', 'plastik gudang', '1', '1', '1', 1.00000, 1.00000, 1.00000, NULL, '2018-06-05 02:46:46', NULL),
	(108, '000000082', 'BB', '000', 'BHT', '3', '3', '3', 1.00000, 1.00000, 1.00000, NULL, '2018-06-05 02:46:46', NULL),
	(109, '000000083', 'BB', '000', 'Susu Bubuk', '3', 'SAK', 'SAK', 1.00000, 1.00000, 1.00000, NULL, '2018-06-05 02:46:46', NULL),
	(110, '000000084', 'BB', '000', 'Bumbu Tortilla Kuning ', '4', '4', '4', 1.00000, 1.00000, 1.00000, NULL, '2018-06-05 02:46:46', NULL),
	(111, '000000085', 'BB', '000', 'Indomilk bubuk', '3', '3', '3', 1.00000, 1.00000, 1.00000, NULL, '2018-06-05 02:46:46', NULL),
	(112, '000000086', 'BB', '000', 'Butter', '3', '3', '3', 1.00000, 1.00000, 1.00000, NULL, '2018-06-05 02:46:46', NULL),
	(113, '000000087', 'BB', '000', 'Baking powder', '3', '3', '3', 1.00000, 1.00000, 1.00000, NULL, '2018-06-05 02:46:46', NULL),
	(114, '000000088', 'BB', '000', 'Milky Premium', '3', '3', '3', 1.00000, 1.00000, 1.00000, NULL, '2018-06-05 02:46:46', NULL),
	(115, '000000089', 'BB', '000', 'Softener', '4', 'DOS', 'DOS', 1.00000, 1.00000, 1.00000, NULL, '2018-06-05 02:46:46', NULL),
	(116, '000000090', 'BB', '000', 'Milky Perfecto', '3', '3', '3', 1.00000, 1.00000, 1.00000, NULL, '2018-06-05 02:46:46', NULL),
	(117, '000000091', 'BB', '000', 'Butter Maxi', '3', 'TIMB', 'TIMB', 1.00000, 1.00000, 1.00000, NULL, '2018-06-05 02:46:46', NULL),
	(118, '000000092', 'BB', '000', 'Mayo', '7', 'DOS', 'DOS', 1.00000, 1.00000, 1.00000, NULL, '2018-06-05 02:46:46', NULL),
	(119, '000000093', 'BB', '000', 'Merica Hitam Bubuk', '4', '4', '4', 1.00000, 1.00000, 1.00000, NULL, '2018-06-05 02:46:46', NULL),
	(120, '000000094', 'BB', '000', 'Kuning Telor Bubuk', '4', '4', '4', 1.00000, 1.00000, 1.00000, NULL, '2018-06-05 02:46:46', NULL),
	(121, '000000095', 'BB', '000', 'Pewarna Kuning', '4', 'LUSIN', 'LUSIN', 1.00000, 1.00000, 1.00000, NULL, '2018-06-05 02:46:46', NULL),
	(122, '000000096', 'BB', '000', 'Tepung Gandum', '3', '3', '3', 1.00000, 1.00000, 1.00000, NULL, '2018-06-05 02:46:46', NULL),
	(123, '000000097', 'BB', '000', 'mayo prochiz', 'DOS', 'DOS', 'DOS', 1.00000, 1.00000, 1.00000, NULL, '2018-06-05 02:46:46', NULL),
	(124, '000000098', 'BB', '000', 'Mny kemasan', '7', 'DRG', 'DRG', 1.00000, 1.00000, 1.00000, NULL, '2018-06-05 02:46:46', NULL),
	(125, '000000099', 'BB', '000', 'Gandum', '1', '3', '8', 1.00000, 1.00000, 1.00000, NULL, '2018-06-05 02:46:46', NULL),
	(126, '000000100', 'BB', '000', 'Butter Bolion', '3', 'DOS', 'DOS', 1.00000, 1.00000, 1.00000, NULL, '2018-06-05 02:46:46', NULL),
	(127, '000000101', 'BB', '000', 'Fc Besco', 'SAK', 'SAK', 'SAK', 1.00000, 1.00000, 1.00000, NULL, '2018-06-05 02:46:46', NULL),
	(128, '000000102', 'BB', '000', 'pewarna hitam', '6', '6', '6', 1.00000, 1.00000, 1.00000, NULL, '2018-06-05 02:46:46', NULL),
	(129, '000000103', 'BB', '000', 'Bosco Hijau', 'SAK', 'SAK', 'SAK', 1.00000, 1.00000, 1.00000, NULL, '2018-06-05 02:46:46', NULL),
	(130, '000000104', 'BB', '000', 'milky booster', 'ZAK', 'ZAK', 'ZAK', 1.00000, 1.00000, 1.00000, NULL, '2018-06-05 02:46:46', NULL),
	(131, '000000105', 'BB', '000', 'vat25', '3', 'SAK', 'SAK', 1.00000, 1.00000, 1.00000, NULL, '2018-06-05 02:46:46', NULL),
	(132, '000000106', 'BB', '000', 'royco (576x10gr)', '4', 'DOS', 'DOS', 1.00000, 1.00000, 1.00000, NULL, '2018-06-05 02:46:46', NULL),
	(133, '000000107', 'BB', '000', 'Pewarna coklat tua', '6', '6', '6', 1.00000, 1.00000, 1.00000, NULL, '2018-06-05 02:46:46', NULL),
	(134, '000000108', 'BB', '000', 'Pewarna kuning tua', '6', '6', '6', 1.00000, 1.00000, 1.00000, NULL, '2018-06-05 02:46:46', NULL),
	(135, '000000109', 'BB', '000', 'Pewarna hijau tua', '6', '6', '6', 1.00000, 1.00000, 1.00000, NULL, '2018-06-05 02:46:46', NULL),
	(136, '000000110', 'BB', '000', 'Pewarna merah tua', '6', '6', '6', 1.00000, 1.00000, 1.00000, NULL, '2018-06-05 02:46:46', NULL),
	(137, '000000111', 'BB', '000', 'Pm', '3', 'SAK', 'SAK', 1.00000, 1.00000, 1.00000, NULL, '2018-06-05 02:46:46', NULL),
	(138, '000000112', 'BB', '000', 'merica hitam', '1', '1', '1', 1.00000, 1.00000, 1.00000, NULL, '2018-06-05 02:46:46', NULL),
	(139, '000000113', 'BB', '000', 'Keju', '3', 'SLOP', 'SLOP', 1.00000, 1.00000, 1.00000, NULL, '2018-06-05 02:46:46', NULL),
	(140, '000000114', 'BB', '000', 'Black Pepper', '1', '1', '1', 1.00000, 1.00000, 1.00000, NULL, '2018-06-05 02:46:46', NULL),
	(141, '000000115', 'BB', '000', 'Milk QQ', 'SAK', 'SAK', 'SAK', 1.00000, 1.00000, 1.00000, NULL, '2018-06-05 02:46:46', NULL),
	(142, '000000116', 'BB', '000', 'Bubuk kare', '1', '1', '1', 1.00000, 1.00000, 1.00000, NULL, '2018-06-05 02:46:46', NULL),
	(143, '000000117', 'BB', '000', 'Bubuk coklat', '4', '4', '4', 1.00000, 1.00000, 1.00000, NULL, '2018-06-05 02:46:46', NULL),
	(144, '000000118', 'BB', '000', 'Perasa Strawberry', '1', '1', '1', 1.00000, 1.00000, 1.00000, NULL, '2018-06-05 02:46:46', NULL),
	(145, '000003000001', 'BB', '003', 'Stiker Kebab Reguler', '4', '1', '1', 1.00000, 1.00000, 1.00000, NULL, '2018-06-05 02:46:46', NULL),
	(146, '000003000002', 'BB', '003', 'Stiker Kebab Premium ', '4', '1', '1', 1.00000, 1.00000, 1.00000, NULL, '2018-06-05 02:46:46', NULL),
	(147, '000003000003', 'BB', '003', 'Stiker Keba Premium dan Reguler ', '4', '1', '1', 1.00000, 1.00000, 1.00000, NULL, '2018-06-05 02:46:46', NULL),
	(148, '000003000004', 'BB', '003', 'plastik besar 2M', '1', '1', '1', 1.00000, 1.00000, 1.00000, NULL, '2018-06-05 02:46:46', NULL),
	(149, '000003000005', 'BB', '003', 'Plastik pembungkus Kemfood TB', '10', '10', '10', 1.00000, 1.00000, 1.00000, NULL, '2018-06-05 02:46:46', NULL),
	(150, '000003000006', 'BB', '003', 'Plastik pembungkus Kemfood TM', '10', '10', '10', 1.00000, 1.00000, 1.00000, NULL, '2018-06-05 02:46:46', NULL),
	(151, '000003000007', 'BB', '003', 'Plastik bungkus TB @ KEMFOOD', '10', '10', '10', 1.00000, 1.00000, 1.00000, NULL, '2018-06-05 02:46:46', NULL),
	(152, '000003000008', 'BB', '003', 'P', '4', '4', '4', 1.00000, 1.00000, 1.00000, NULL, '2018-06-05 02:46:46', NULL),
	(153, '000003000009', 'BB', '003', 'Plastik bungkus TM@ KEMFOOD', '10', '10', '10', 1.00000, 1.00000, 1.00000, NULL, '2018-06-05 02:46:46', NULL),
	(154, '000003000010', 'BB', '003', 'Control card Maryam ori', '10', '10', '10', 1.00000, 1.00000, 1.00000, NULL, '2018-06-05 02:46:46', NULL),
	(155, '000003000011', 'BB', '003', 'Control Card TS', '1', '1', '1', 1.00000, 1.00000, 1.00000, NULL, '2018-06-05 02:46:46', NULL),
	(156, '000003000012', 'BB', '003', 'Control Card TB', '1', '1', '1', 1.00000, 1.00000, 1.00000, NULL, '2018-06-05 02:46:46', NULL),
	(157, '000003000013', 'BB', '003', 'Control Card TC', '1', '1', '1', 1.00000, 1.00000, 1.00000, NULL, '2018-06-05 02:46:46', NULL),
	(158, '000003000014', 'BB', '003', 'Koran', '3', '3', '3', 1.00000, 1.00000, 1.00000, NULL, '2018-06-05 02:46:46', NULL),
	(159, '000003000015', 'BB', '003', 'Packaging Kebab Sohib', '1', '1', '1', 1.00000, 1.00000, 1.00000, NULL, '2018-06-05 02:46:46', NULL),
	(160, '000004000001', 'BP', '004', 'Roti Burger Bun Mini', '1', '1', '1', 1.00000, 1.00000, 1.00000, NULL, '2018-06-05 02:46:46', NULL),
	(161, '000005000001', 'BP', '005', 'Tortilla Sedang Ungu', '1', '1', '1', 1.00000, 1.00000, 1.00000, NULL, '2018-06-05 02:46:46', NULL),
	(162, '000005000002', 'BP', '005', 'Tortilla Mini Ungu', '1', '1', '1', 1.00000, 1.00000, 1.00000, NULL, '2018-06-05 02:46:46', NULL),
	(163, '000005000003', 'BP', '005', 'Tortilla mini durian', '1', '1', '1', 1.00000, 1.00000, 1.00000, NULL, '2018-06-05 02:46:46', NULL),
	(164, '000005000004', 'BP', '005', 'Tortilla mini premium', '1', '1', '1', 1.00000, 1.00000, 1.00000, NULL, '2018-06-05 02:46:46', NULL),
	(165, '000005000005', 'BP', '005', 'Tortilla Besar Sahara', '1', '1', '1', 1.00000, 1.00000, 1.00000, NULL, '2018-06-05 02:46:46', NULL),
	(166, '000005000006', 'BP', '005', 'Tortilla Sedang Sahara', '1', '1', '1', 1.00000, 1.00000, 1.00000, NULL, '2018-06-05 02:46:46', NULL),
	(167, '000005000007', 'BP', '005', 'Tortilla Mini Sahara', '1', '1', '1', 1.00000, 1.00000, 1.00000, NULL, '2018-06-05 02:46:46', NULL),
	(168, '000005000008', 'BP', '005', 'Tortilla Catering Sahara', '1', '1', '1', 1.00000, 1.00000, 1.00000, NULL, '2018-06-05 02:46:46', NULL),
	(169, '000005000009', 'BB', '005', 'Tortilla Sedang Hitam SAHARA', '1', '1', '1', 1.00000, 1.00000, 1.00000, NULL, '2018-06-05 02:46:46', NULL),
	(170, '000005000010', 'BB', '005', 'Tortilla Mini Merah SAHARA', '1', '1', '1', 1.00000, 1.00000, 1.00000, NULL, '2018-06-05 02:46:46', NULL),
	(171, '000005000011', 'BB', '005', 'Tortilla Mini Ungu SAHARA', '1', '1', '1', 1.00000, 1.00000, 1.00000, NULL, '2018-06-05 02:46:46', NULL),
	(172, '000005000012', 'BB', '005', 'Tortilla Mini Kuning SAHARA', '1', '1', '1', 1.00000, 1.00000, 1.00000, NULL, '2018-06-05 02:46:46', NULL),
	(173, '000005000013', 'BB', '005', 'Tortilla Mini Coklat SAHARA', '1', '1', '1', 1.00000, 1.00000, 1.00000, NULL, '2018-06-05 02:46:46', NULL),
	(174, '000005000014', 'BB', '005', 'Tortilla Mini Biru SAHARA', '1', '1', '1', 1.00000, 1.00000, 1.00000, NULL, '2018-06-05 02:46:46', NULL),
	(175, '000005000015', 'BB', '005', 'Tortilla Mini Hijau SAHARA', '1', '1', '1', 1.00000, 1.00000, 1.00000, NULL, '2018-06-05 02:46:46', NULL),
	(176, '000005000016', 'BB', '005', 'Tortilla Mini SAHARA', '1', '1', '1', 1.00000, 1.00000, 1.00000, NULL, '2018-06-05 02:46:46', NULL),
	(177, '000005000017', 'BB', '005', 'Tortilla mini Hitam [Sahara]', '1', '1', '1', 1.00000, 1.00000, 1.00000, NULL, '2018-06-05 02:46:46', NULL),
	(178, '000005000018', 'BB', '005', 'Tortilla Besar M', '1', '1', '1', 1.00000, 1.00000, 1.00000, NULL, '2018-06-05 02:46:46', NULL),
	(179, '000005000019', 'BB', '005', 'Tortilla Sedang M', '1', '1', '1', 1.00000, 1.00000, 1.00000, NULL, '2018-06-05 02:46:46', NULL),
	(180, '000005000020', 'BB', '005', 'Tortilla Mini M', '1', '1', '1', 1.00000, 1.00000, 1.00000, NULL, '2018-06-05 02:46:46', NULL),
	(181, '000005000021', 'BB', '005', 'Tortilla Catering M', '1', '1', '1', 1.00000, 1.00000, 1.00000, NULL, '2018-06-05 02:46:46', NULL),
	(182, '000005000022', 'BB', '005', 'Tortilla Mini Ungu Manis', '1', '1', '1', 1.00000, 1.00000, 1.00000, NULL, '2018-06-05 02:46:46', NULL),
	(183, '000005000023', 'BB', '005', 'Tortilla Besar', '1', '1', '1', 1.00000, 1.00000, 1.00000, NULL, '2018-06-05 02:46:46', NULL),
	(184, '000005000024', 'BB', '005', 'Tortilla Sedang', '1', '1', '1', 1.00000, 1.00000, 1.00000, NULL, '2018-06-05 02:46:46', NULL),
	(185, '000005000025', 'BB', '005', 'Tortilla Mini', '1', '1', '1', 1.00000, 1.00000, 1.00000, NULL, '2018-06-05 02:46:46', NULL),
	(186, '000006000001', 'BJ', '006', 'Beef Grill', '1', '1', '1', 1.00000, 1.00000, 1.00000, NULL, '2018-06-05 02:46:46', NULL),
	(187, '000006000002', 'BJ', '006', 'Daging kebab sapi 2 kg@ KEMFOOD', '1', '1', '1', 1.00000, 1.00000, 1.00000, NULL, '2018-06-05 02:46:46', NULL),
	(188, '000008000001', 'BB', '008', 'Mayo Boy', '3', '3', '3', 1.00000, 1.00000, 1.00000, NULL, '2018-06-05 02:46:46', NULL),
	(189, '000009000001', 'BB', '009', 'Kompor ', '4', '4', '4', 1.00000, 1.00000, 1.00000, NULL, '2018-06-05 02:46:46', NULL),
	(190, '000009000002', 'BB', '009', 'regulator', '4', '4', '4', 1.00000, 1.00000, 1.00000, NULL, '2018-06-05 02:46:46', NULL),
	(191, '000009000003', 'BB', '009', 'selang ', '4', '4', '4', 1.00000, 1.00000, 1.00000, NULL, '2018-06-05 02:46:46', NULL),
	(192, '000009000004', 'BB', '009', 'tepak ', '4', '4', '4', 1.00000, 1.00000, 1.00000, NULL, '2018-06-05 02:46:46', NULL),
	(193, '000009000005', 'BB', '009', 'ember putih', '1', '1', '1', 1.00000, 1.00000, 1.00000, NULL, '2018-06-05 02:46:46', NULL),
	(194, '000009000006', 'BB', '009', 'tutup ember putih', '1', '1', '1', 1.00000, 1.00000, 1.00000, NULL, '2018-06-05 02:46:46', NULL),
	(195, '000009000007', 'BB', '009', 'knop kompor', '4', '4', '4', 1.00000, 0.00000, 0.00000, NULL, '2018-06-05 02:46:46', NULL),
	(196, '000011000001', 'BJ', '011', 'Kompor Electric', '4', '4', '4', 1.00000, 1.00000, 1.00000, NULL, '2018-06-05 02:46:46', NULL),
	(197, '000011000002', 'BJ', '011', 'Cepitan Serving Tong', '4', '4', '4', 1.00000, 1.00000, 1.00000, NULL, '2018-06-05 02:46:46', NULL),
	(198, '000011000003', 'BJ', '011', 'Spatula(sotel)', '4', '4', '4', 1.00000, 1.00000, 1.00000, NULL, '2018-06-05 02:46:46', NULL),
	(199, '000011000004', 'BJ', '011', 'Beef sahara', '1', '1', '1', 1.00000, 1.00000, 1.00000, NULL, '2018-06-05 02:46:46', NULL),
	(200, '000011000005', 'BJ', '011', 'Kompor Listrik', '4', '4', '4', 1.00000, 1.00000, 1.00000, NULL, '2018-06-05 02:46:46', NULL),
	(201, '000011000006', 'BJ', '011', 'Capi', '4', '4', '4', 1.00000, 1.00000, 1.00000, NULL, '2018-06-05 02:46:46', NULL),
	(202, '000011000007', 'BJ', '011', 'Maryam Jumbo', '1', '1', '1', 1.00000, 1.00000, 1.00000, NULL, '2018-06-05 02:46:46', NULL),
	(203, '000011000008', 'BJ', '011', 'Kebab Ayam', '1', '1', '1', 1.00000, 1.00000, 1.00000, NULL, '2018-06-05 02:46:46', NULL),
	(204, '000011000009', 'BJ', '011', 'Burner Mata 2', '4', '4', '4', 1.00000, 1.00000, 1.00000, NULL, '2018-06-05 02:46:46', NULL),
	(205, '000011000010', 'BJ', '011', 'Burner Otomatis', '4', '4', '4', 1.00000, 1.00000, 1.00000, NULL, '2018-06-05 02:46:46', NULL),
	(206, '000011000011', 'BJ', '011', 'Nepel', '', '4', '4', 1.00000, 1.00000, 1.00000, NULL, '2018-06-05 02:46:46', NULL),
	(207, '000011000012', 'BJ', '011', 'Loyang Besar', '4', '4', '4', 1.00000, 0.00000, 0.00000, NULL, '2018-06-05 02:46:46', NULL),
	(208, '000011000013', 'BJ', '011', 'Temapt Daging', '', '4', '4', 1.00000, 1.00000, 1.00000, NULL, '2018-06-05 02:46:46', NULL),
	(209, '000011000014', 'BB', '000', 'Bumbu Tortilla Putih ', '4', '4', '4', 1.00000, 1.00000, 1.00000, NULL, '2018-06-05 02:46:46', NULL),
	(210, '000011000015', 'BP', '011', 'kriwilan', '3', '3', '3', 1.00000, 1.00000, 1.00000, NULL, '2018-06-05 02:46:46', NULL),
	(211, '000011000016', 'BJ', '011', 'Daging Othman Turkish Food 2 kg', '1', '1', '1', 1.00000, 1.00000, 1.00000, NULL, '2018-06-05 02:46:46', NULL),
	(212, '000011000017', 'BJ', '011', 'Daging Othman Turkish Food 2 kg tnp tiang', '1', '1', '1', 1.00000, 1.00000, 1.00000, NULL, '2018-06-05 02:46:46', NULL),
	(213, '000011000018', 'BJ', '011', 'Daging Othman Turkis Food 4kg', '1', '1', '1', 1.00000, 1.00000, 1.00000, NULL, '2018-06-05 02:46:46', NULL),
	(214, '000011000019', 'BJ', '011', 'wajan tortilla jumbo (36)', '4', '4', '4', 1.00000, 1.00000, 1.00000, NULL, '2018-06-05 02:46:46', NULL),
	(215, '000011000020', 'BJ', '011', 'SEPEDA MONTOR JUPITER MERAH', '1', '1', '1', 1.00000, 1.00000, 1.00000, NULL, '2018-06-05 02:46:46', NULL),
	(216, '000011000021', 'BJ', '011', 'asahan', '1', '1', '1', 1.00000, 1.00000, 1.00000, NULL, '2018-06-05 02:46:46', NULL),
	(217, '000011000022', 'BJ', '011', 'pewarna ungu', '6', '6', '6', 1.00000, 1.00000, 1.00000, NULL, '2018-06-05 02:46:46', NULL),
	(218, '000011000023', 'BP', '011', 'KRIWILAN', '3', '3', '3', 1.00000, 1.00000, 1.00000, NULL, '2018-06-05 02:46:46', NULL),
	(219, '000011000024', 'BP', '011', 'KRIWILAN KEJU', '3', '3', '3', 1.00000, 1.00000, 1.00000, NULL, '2018-06-05 02:46:46', NULL),
	(220, '000011000025', 'BP', '011', 'KRIWILAN BAYAM', '3', '3', '3', 1.00000, 1.00000, 1.00000, NULL, '2018-06-05 02:46:46', NULL),
	(221, '000011000026', 'BP', '011', 'KRIWILAN BLACKPAPER', '3', '3', '3', 1.00000, 1.00000, 1.00000, NULL, '2018-06-05 02:46:46', NULL),
	(222, '000011000027', 'BP', '011', 'Kriwilan Gandu ', '3', '3', '3', 1.00000, 1.00000, 1.00000, NULL, '2018-06-05 02:46:46', NULL),
	(223, '000011000028', 'BP', '011', 'Kriwilan Hitam Manis ', '3', '3', '3', 1.00000, 1.00000, 1.00000, NULL, '2018-06-05 02:46:46', NULL),
	(224, '000011000029', 'BP', '011', 'Kriwilan Cabe ', '3', '3', '3', 1.00000, 1.00000, 1.00000, NULL, '2018-06-05 02:46:46', NULL),
	(225, '000011000030', 'BP', '011', 'Kriwilan Strawberry ', '3', '3', '3', 1.00000, 1.00000, 1.00000, NULL, '2018-06-05 02:46:46', NULL),
	(226, '000011000031', 'BP', '011', 'Kriwilan Coklat', '3', '3', '3', 1.00000, 1.00000, 1.00000, NULL, '2018-06-05 02:46:46', NULL),
	(227, '000011000032', 'BP', '011', 'Kriwilan Jagung', '3', '3', '3', 1.00000, 1.00000, 1.00000, NULL, '2018-06-05 02:46:46', NULL),
	(228, '000011000033', 'BP', '011', 'Kriwilan Bayam ', '3', '3', '3', 1.00000, 1.00000, 1.00000, NULL, '2018-06-05 02:46:46', NULL),
	(229, '000011000034', 'BP', '011', 'Kriwilan Super ', '3', '3', '3', 1.00000, 1.00000, 1.00000, NULL, '2018-06-05 02:46:46', NULL),
	(230, '000011000035', 'BP', '011', 'Kriwilan Manis ', '3', '3', '3', 1.00000, 1.00000, 1.00000, NULL, '2018-06-05 02:46:46', NULL),
	(231, '000011000036', 'BP', '011', 'Kriwilan Kare', '3', '3', '3', 1.00000, 1.00000, 1.00000, NULL, '2018-06-05 02:46:46', NULL),
	(232, '000011000037', 'BP', '011', 'Kriwilan Black Papper ', '3', '3', '3', 1.00000, 1.00000, 1.00000, NULL, '2018-06-05 02:46:46', NULL),
	(234, '000011000039', 'BJ', '011', 'Empal Jamur 0', '3', '1', '1', 0.00000, 1.00000, 1.00000, NULL, '2018-06-05 02:46:46', NULL),
	(235, '000011000040', 'BJ', '011', 'Empal Jamur 2kg', '1', '1', '1', 1.00000, 1.00000, 1.00000, NULL, '2018-06-05 02:46:46', NULL),
	(236, '000011000041', 'BJ', '011', 'Saos Lada hitam', '1', '1', '1', 1.00000, 1.00000, 1.00000, NULL, '2018-06-05 02:46:46', NULL),
	(237, '000011000042', 'BJ', '011', 'Saos  BBQ', '1', '1', '1', 1.00000, 1.00000, 1.00000, NULL, '2018-06-05 02:46:46', NULL),
	(238, '000011000043', 'BJ', '011', 'Koran', '1', '1', '1', 1.00000, 1.00000, 1.00000, NULL, '2018-06-05 02:46:46', NULL),
	(239, '000011000044', 'BJ', '011', 'Saos sambal kokita ', '1', '1', '1', 1.00000, 1.00000, 1.00000, NULL, '2018-06-05 02:46:46', NULL),
	(240, '000011000045', 'BJ', '011', 'Saos tomat kokita', '1', '1', '1', 1.00000, 1.00000, 1.00000, NULL, '2018-06-05 02:46:46', NULL),
	(241, '000011000046', 'BJ', '011', 'Packaging kebab distro', '1', '1', '1', 1.00000, 1.00000, 1.00000, NULL, '2018-06-05 02:46:46', NULL),
	(242, '000011000047', 'BJ', '011', 'Sutil kayu', '1', '1', '1', 1.00000, 1.00000, 1.00000, NULL, '2018-06-05 02:46:46', NULL),
	(243, '000011000048', 'BJ', '011', 'Pisau kebab shohib', '1', '1', '1', 1.00000, 1.00000, 1.00000, NULL, '2018-06-05 02:46:46', NULL),
	(244, '000011000049', 'BJ', '011', 'Keranjang sampah Kebab shoib', '1', '1', '1', 1.00000, 1.00000, 1.00000, NULL, '2018-06-05 02:46:46', NULL),
	(245, '000011000050', 'BJ', '011', 'Botol saus', '1', '1', '1', 1.00000, 1.00000, 1.00000, NULL, '2018-06-05 02:46:46', NULL),
	(246, '000011000051', 'BJ', '011', 'telenan kebba shoib', '1', '1', '1', 1.00000, 1.00000, 1.00000, NULL, '2018-06-05 02:46:46', NULL),
	(247, '000011000052', 'BJ', '011', 'pring kebab shoib', '1', '1', '1', 1.00000, 1.00000, 1.00000, NULL, '2018-06-05 02:46:46', NULL),
	(248, '000011000053', 'BJ', '011', 'Regulator selang', '1', '1', '1', 1.00000, 1.00000, 1.00000, NULL, '2018-06-05 02:46:46', NULL),
	(249, '000011000054', 'BJ', '011', 'Ember', '1', '1', '1', 1.00000, 1.00000, 1.00000, NULL, '2018-06-05 02:46:46', NULL),
	(250, '000011000055', 'BJ', '011', 'sarung tangan', '1', '1', '1', 1.00000, 1.00000, 1.00000, NULL, '2018-06-05 02:46:46', NULL),
	(251, '000011000056', 'BJ', '011', 'contener kebab sohib', '1', '1', '1', 1.00000, 1.00000, 1.00000, NULL, '2018-06-05 02:46:46', NULL),
	(252, '000011000057', 'BJ', '011', 'Kuas Kue', '1', '1', '1', 1.00000, 1.00000, 1.00000, NULL, '2018-06-05 02:46:46', NULL),
	(253, '000011000058', 'BJ', '011', 'tepak kebab shoib', '1', '1', '1', 1.00000, 1.00000, 1.00000, NULL, '2018-06-05 02:46:46', NULL),
	(254, '000011000059', 'BJ', '011', 'lemari 4 rak', '1', '1', '1', 1.00000, 1.00000, 1.00000, NULL, '2018-06-05 02:46:46', NULL),
	(255, '000011000060', 'BJ', '011', 'jepitan', '1', '1', '1', 1.00000, 1.00000, 1.00000, NULL, '2018-06-05 02:46:46', NULL),
	(256, '000011000061', 'BJ', '011', 'Kompor Gas Pertebel', '1', '1', '1', 1.00000, 1.00000, 1.00000, NULL, '2018-06-05 02:46:46', NULL),
	(257, '000011000062', 'BJ', '011', 'Fresh Sealware ', '1', '1', '1', 1.00000, 1.00000, 1.00000, NULL, '2018-06-05 02:46:46', NULL),
	(258, '000011000063', 'BJ', '011', 'Teflon', '1', '1', '1', 1.00000, 1.00000, 1.00000, NULL, '2018-06-05 02:46:46', NULL),
	(259, '000011000064', 'BJ', '011', 'margarin fortina', '1', '1', '1', 1.00000, 1.00000, 1.00000, NULL, '2018-06-05 02:46:46', NULL),
	(260, '000011000065', 'BJ', '011', 'piring', '1', '1', '1', 1.00000, 1.00000, 1.00000, NULL, '2018-06-05 02:46:46', NULL),
	(261, '000013000001', 'BJ', '013', 'Cappucino ', '4', '4', '4', 1.00000, 1.00000, 1.00000, NULL, '2018-06-05 02:46:46', NULL),
	(262, '000013000002', 'BJ', '013', 'Choco Creamy ', '4', '4', '4', 1.00000, 1.00000, 1.00000, NULL, '2018-06-05 02:46:46', NULL),
	(263, '000014000001', 'BJ', '014', 'Kentang 2kg', '3', '3', '3', 1.00000, 1.00000, 1.00000, NULL, '2018-06-05 02:46:46', NULL),
	(264, '000014000002', 'BJ', '014', 'Siomay', '1', '1', '1', 1.00000, 1.00000, 1.00000, NULL, '2018-06-05 02:46:46', NULL),
	(265, '003000001', 'BJ', '012', 'Ongkos Kirim', 'BOX', 'BOX', 'BOX', 1.00000, 1.00000, 1.00000, NULL, '2018-06-05 02:46:46', NULL),
	(266, '003000005', 'BJ', '011', 'Styreofoam Besar', '4', '4', '4', 1.00000, 1.00000, 1.00000, NULL, '2018-06-05 02:46:46', NULL),
	(267, '003000006', 'BJ', '011', 'Styreofoam Jumbo', '4', '4', '4', 1.00000, 1.00000, 1.00000, NULL, '2018-06-05 02:46:46', NULL),
	(268, '003000007', 'BJ', '011', 'Styreofoam Kecil', '4', '4', '4', 1.00000, 1.00000, 1.00000, NULL, '2018-06-05 02:46:46', NULL),
	(269, '003000009', 'BB', '003', 'Lakban', '4', 'SLOP', 'DOS', 1.00000, 1.00000, 1.00000, NULL, '2018-06-05 02:46:46', NULL),
	(270, '003000010', 'BB', '003', 'Dos Kecil', '4', '4', '4', 1.00000, 1.00000, 1.00000, NULL, '2018-06-05 02:46:46', NULL),
	(271, '003000012', 'BB', '003', 'Dos Besar', '4', '4', '4', 1.00000, 1.00000, 1.00000, NULL, '2018-06-05 02:46:46', NULL),
	(272, '003000013', 'BB', '003', 'Kresek kecil', '1', '1', '1', 1.00000, 1.00000, 1.00000, NULL, '2018-06-05 02:46:46', NULL),
	(273, '003000014', 'BB', '003', 'Plastik Bungkus T.Jumbo', '10', '1', '1', 1.00000, 1.00000, 1.00000, NULL, '2018-06-05 02:46:46', NULL),
	(274, '003000015', 'BB', '003', 'Plastik Pembatas T.Jumbo', '1', '1', '1', 1.00000, 0.00000, 0.00000, NULL, '2018-06-05 02:46:46', NULL),
	(275, '003000016', 'BB', '003', 'plastik tepung', '1', '1', '1', 1.00000, 1.00000, 1.00000, NULL, '2018-06-05 02:46:46', NULL),
	(276, '003000017', 'BB', '003', 'Dos Styrofoam', '4', '4', '4', 1.00000, 1.00000, 1.00000, NULL, '2018-06-05 02:46:46', NULL),
	(277, '003000018', 'BB', '003', 'Packing Kayu', '4', '4', '4', 1.00000, 1.00000, 1.00000, NULL, '2018-06-05 02:46:46', NULL),
	(278, '003000019', 'BB', '003', 'control card', '4', '4', '4', 1.00000, 1.00000, 1.00000, NULL, '2018-06-05 02:46:46', NULL),
	(279, '003000020', 'BB', '003', 'plastik bumbu 3 kg', '1', '1', '1', 1.00000, 1.00000, 1.00000, NULL, '2018-06-05 02:46:46', NULL),
	(280, '003000021', 'BB', '003', 'Kresek sampah', '1', '1', '1', 1.00000, 1.00000, 1.00000, NULL, '2018-06-05 02:46:46', NULL),
	(281, '003000023', 'BB', '003', 'kresek besar', '1', '1', '1', 1.00000, 1.00000, 1.00000, NULL, '2018-06-05 02:46:46', NULL),
	(282, '004000005', 'BP', '004', 'Roti Burger', '1', '1', '1', 1.00000, 1.00000, 1.00000, NULL, '2018-06-05 02:46:46', NULL),
	(283, '004000006', 'BP', '004', 'Roti Burger Double Wijen', '1', '1', '1', 1.00000, 1.00000, 1.00000, NULL, '2018-06-05 02:46:46', NULL),
	(284, '004000007', 'BP', '004', 'Roti Burger Mini', '1', '1', '1', 1.00000, 1.00000, 1.00000, NULL, '2018-06-05 02:46:46', NULL),
	(285, '004000008', 'BP', '004', 'Roti Burger Wijen', '1', '1', '1', 1.00000, 1.00000, 1.00000, NULL, '2018-06-05 02:46:46', NULL),
	(286, '004000009', 'BP', '004', 'Roti Burger Wijen Minbisnis_tammai', '1', '1', '1', 1.00000, 1.00000, 1.00000, NULL, '2018-06-05 02:46:46', NULL),
	(287, '004000010', 'BP', '004', 'Roti Hot Dog Wijen', '1', '1', '1', 1.00000, 1.00000, 1.00000, NULL, '2018-06-05 02:46:46', NULL),
	(288, '004000011', 'BP', '004', 'Roti Pita', '1', '1', '1', 1.00000, 1.00000, 1.00000, NULL, '2018-06-05 02:46:46', NULL),
	(289, '004000012', 'BP', '004', 'Roti Pita Kantung', '1', '1', '1', 1.00000, 1.00000, 1.00000, NULL, '2018-06-05 02:46:46', NULL),
	(290, '004000017', 'BJ', '011', 'Keju Sliece', '1', '1', '1', 1.00000, 1.00000, 1.00000, NULL, '2018-06-05 02:46:46', NULL),
	(291, '004000018', 'BP', '004', 'Roti Hotdog', '1', '1', '1', 1.00000, 1.00000, 1.00000, NULL, '2018-06-05 02:46:46', NULL),
	(292, '004000019', 'BP', '004', 'Roti Pita Jumbo', '1', '1', '1', 1.00000, 1.00000, 1.00000, NULL, '2018-06-05 02:46:46', NULL),
	(293, '005000007', 'BP', '005', 'Gourmet', '1', '1', '1', 1.00000, 1.00000, 1.00000, NULL, '2018-06-05 02:46:46', NULL),
	(294, '005000010', 'BP', '005', 'Maryam/Canai 80 gr', '1', '1', '1', 1.00000, 1.00000, 1.00000, NULL, '2018-06-05 02:46:46', NULL),
	(295, '005000011', 'BP', '005', 'Maryam/Canai Diameter 21cm', '1', '1', '1', 1.00000, 1.00000, 1.00000, NULL, '2018-06-05 02:46:46', NULL),
	(296, '005000012', 'BP', '005', 'Tortilla Besar', '1', '1', '1', 1.00000, 1.00000, 1.00000, NULL, '2018-06-05 02:46:46', NULL),
	(297, '005000018', 'BP', '005', 'Tortilla Catering', '1', '1', '1', 1.00000, 1.00000, 1.00000, NULL, '2018-06-05 02:46:46', NULL),
	(298, '005000019', 'BP', '005', 'Tortilla jasmin', '1', '1', '1', 1.00000, 1.00000, 1.00000, NULL, '2018-06-05 02:46:46', NULL),
	(299, '005000020', 'BP', '005', 'Tortilla Jumbo', '1', '1', '1', 1.00000, 1.00000, 1.00000, NULL, '2018-06-05 02:46:46', NULL),
	(300, '005000021', 'BP', '005', 'Tortilla Mini', '1', '1', '1', 1.00000, 1.00000, 1.00000, NULL, '2018-06-05 02:46:46', NULL),
	(301, '005000026', 'BP', '005', 'Tortilla Sedang', '1', '1', '1', 1.00000, 1.00000, 1.00000, NULL, '2018-06-05 02:46:46', NULL),
	(302, '005000033', 'BP', '005', 'Tortilla Besar (Manis)', '1', '1', '1', 1.00000, 1.00000, 1.00000, NULL, '2018-06-05 02:46:46', NULL),
	(303, '005000034', 'BP', '005', 'Tortilla Sedang (Manis)', '1', '1', '1', 1.00000, 1.00000, 1.00000, NULL, '2018-06-05 02:46:46', NULL),
	(304, '005000035', 'BP', '005', 'Tortilla Mini (Manis)', '1', '1', '1', 1.00000, 1.00000, 1.00000, NULL, '2018-06-05 02:46:46', NULL),
	(305, '005000036', 'BP', '005', 'Tortilla Catering (Manis)', '1', '1', '1', 1.00000, 1.00000, 1.00000, NULL, '2018-06-05 02:46:46', NULL),
	(306, '005000037', 'BP', '005', 'Tortilla Jasmin (Manis)', '1', '1', '1', 1.00000, 1.00000, 1.00000, NULL, '2018-06-05 02:46:46', NULL),
	(307, '005000038', 'BP', '005', 'Tortilla Jumbo (Manis)', '1', '1', '1', 1.00000, 1.00000, 1.00000, NULL, '2018-06-05 02:46:46', NULL),
	(308, '005000039', 'BP', '005', 'Tortilla Besar L', '1', '1', '1', 1.00000, 1.00000, 1.00000, NULL, '2018-06-05 02:46:46', NULL),
	(309, '005000040', 'BP', '005', 'Tortilla Jasmin L', '1', '1', '1', 1.00000, 1.00000, 1.00000, NULL, '2018-06-05 02:46:46', NULL),
	(310, '005000041', 'BP', '005', 'Tortilla Mini L', '1', '1', '1', 1.00000, 1.00000, 1.00000, NULL, '2018-06-05 02:46:46', NULL),
	(311, '005000042', 'BP', '005', 'Tortilla Besar Lentur', '1', '1', '1', 1.00000, 1.00000, 1.00000, NULL, '2018-06-05 02:46:46', NULL),
	(312, '005000043', 'BP', '005', 'Tortilla Sedang Lentur', '1', '1', '1', 1.00000, 1.00000, 1.00000, NULL, '2018-06-05 02:46:46', NULL),
	(313, '005000044', 'BP', '005', 'Tortilla Mini Lentur', '1', '1', '1', 1.00000, 1.00000, 1.00000, NULL, '2018-06-05 02:46:46', NULL),
	(314, '005000045', 'BP', '005', 'Tortilla Jumbo Lentur', '1', '1', '1', 1.00000, 1.00000, 1.00000, NULL, '2018-06-05 02:46:46', NULL),
	(315, '005000046', 'BP', '005', 'Tortilla Besar Mina', '1', '1', '1', 1.00000, 1.00000, 1.00000, NULL, '2018-06-05 02:46:46', NULL),
	(316, '005000047', 'BP', '005', 'Tortilla Sedang Mina', '1', '1', '1', 1.00000, 1.00000, 1.00000, NULL, '2018-06-05 02:46:46', NULL),
	(317, '005000048', 'BP', '005', 'Tortilla Mini Mina', '1', '1', '1', 1.00000, 1.00000, 1.00000, NULL, '2018-06-05 02:46:46', NULL),
	(318, '005000049', 'BP', '005', 'Tortilla Catering Mina', '1', '1', '1', 1.00000, 1.00000, 1.00000, NULL, '2018-06-05 02:46:46', NULL),
	(319, '005000050', 'BP', '005', 'Tortilla Besar Manis Premium', '1', '1', '1', 1.00000, 1.00000, 1.00000, NULL, '2018-06-05 02:46:46', NULL),
	(320, '005000051', 'BP', '005', 'Tortilla Mini Manis Premium', '1', '1', '1', 1.00000, 1.00000, 1.00000, NULL, '2018-06-05 02:46:46', NULL),
	(321, '005000052', 'BP', '005', 'Tortilla Besar Manis Perfecto', '1', '1', '1', 1.00000, 1.00000, 1.00000, NULL, '2018-06-05 02:46:46', NULL),
	(322, '005000053', 'BP', '005', 'Tortilla Mini Manis Perfecto', '1', '1', '1', 1.00000, 1.00000, 1.00000, NULL, '2018-06-05 02:46:46', NULL),
	(323, '005000054', 'BP', '005', 'Tortilla Catering Lentur', '1', '1', '1', 1.00000, 1.00000, 1.00000, NULL, '2018-06-05 02:46:46', NULL),
	(324, '005000055', 'BP', '005', 'Tortilla Mini Cabe', '1', '1', '1', 1.00000, 1.00000, 1.00000, NULL, '2018-06-05 02:46:46', NULL),
	(325, '005000056', 'BP', '005', 'Tortilla Mini Bayam', '1', '1', '1', 1.00000, 1.00000, 1.00000, NULL, '2018-06-05 02:46:46', NULL),
	(326, '005000057', 'BP', '005', 'Tortilla Mini Kare', '1', '1', '1', 1.00000, 1.00000, 1.00000, NULL, '2018-06-05 02:46:46', NULL),
	(327, '005000058', 'BP', '005', 'Tortilla Mini Gandum', '1', '1', '1', 1.00000, 1.00000, 1.00000, NULL, '2018-06-05 02:46:46', NULL),
	(328, '005000059', 'BP', '005', 'Tortilla Mini Jagung', '1', '1', '1', 1.00000, 1.00000, 1.00000, NULL, '2018-06-05 02:46:46', NULL),
	(329, '005000060', 'BP', '005', 'Tortilla Rawon', '1', '1', '1', 1.00000, 1.00000, 1.00000, NULL, '2018-06-05 02:46:46', NULL),
	(330, '005000061', 'BP', '005', 'Tortilla Asam Pedas', '1', '1', '1', 1.00000, 1.00000, 1.00000, NULL, '2018-06-05 02:46:46', NULL),
	(331, '005000062', 'BP', '005', 'Tortilla Mini Keju', '1', '1', '1', 1.00000, 1.00000, 1.00000, NULL, '2018-06-05 02:46:46', NULL),
	(332, '005000063', 'BP', '005', 'Tortilla Mini Stawberry', '1', '1', '1', 1.00000, 1.00000, 1.00000, NULL, '2018-06-05 02:46:46', NULL),
	(333, '005000064', 'BP', '005', 'Tortilla Mini Merah', '1', '1', '1', 1.00000, 1.00000, 1.00000, NULL, '2018-06-05 02:46:46', NULL),
	(334, '005000065', 'BP', '005', 'Tortilla Hitam', '1', '1', '1', 1.00000, 1.00000, 1.00000, NULL, '2018-06-05 02:46:46', NULL),
	(335, '005000066', 'BP', '005', 'Tortilla Besar Hitam Manis', '1', '1', '1', 1.00000, 1.00000, 1.00000, NULL, '2018-06-05 02:46:46', NULL),
	(336, '005000067', 'BP', '005', 'Tortilla Catering Merah', '1', '1', '1', 1.00000, 1.00000, 1.00000, NULL, '2018-06-05 02:46:46', NULL),
	(337, '005000068', 'BP', '005', 'Tortilla Besar Merah', '1', '1', '1', 1.00000, 1.00000, 1.00000, NULL, '2018-06-05 02:46:46', NULL),
	(338, '005000069', 'BP', '005', 'Tortilla Sedang Merah', '1', '1', '1', 1.00000, 1.00000, 1.00000, NULL, '2018-06-05 02:46:46', NULL),
	(339, '005000070', 'BP', '005', 'Tortilla Besar Hijau', '1', '1', '1', 1.00000, 1.00000, 1.00000, NULL, '2018-06-05 02:46:46', NULL),
	(340, '005000071', 'BP', '005', 'Tortilla Sedang Hijau', '1', '1', '1', 1.00000, 1.00000, 1.00000, NULL, '2018-06-05 02:46:46', NULL),
	(341, '005000072', 'BP', '005', 'Tortilla Mini Hijau', '1', '1', '1', 1.00000, 1.00000, 1.00000, NULL, '2018-06-05 02:46:46', NULL),
	(342, '005000073', 'BP', '005', 'Tortilla Catering Hijau', '1', '1', '1', 1.00000, 1.00000, 1.00000, NULL, '2018-06-05 02:46:46', NULL),
	(343, '005000074', 'BP', '005', 'Tortilla Sedang Hitam', '1', '1', '1', 1.00000, 1.00000, 1.00000, NULL, '2018-06-05 02:46:46', NULL),
	(344, '005000075', 'BP', '005', 'Tortilla Mini Hitam', '1', '1', '1', 1.00000, 1.00000, 1.00000, NULL, '2018-06-05 02:46:46', NULL),
	(345, '005000076', 'BP', '005', 'Tortilla Catering Hitam ', '1', '1', '1', 1.00000, 1.00000, 1.00000, NULL, '2018-06-05 02:46:46', NULL),
	(346, '005000077', 'BP', '005', 'Tortilla Mini Kuning', '1', '1', '1', 1.00000, 1.00000, 1.00000, NULL, '2018-06-05 02:46:46', NULL),
	(347, '005000078', 'BP', '005', 'Tortilla Besar Hitam', '1', '1', '1', 1.00000, 1.00000, 1.00000, NULL, '2018-06-05 02:46:46', NULL),
	(348, '005000079', 'BP', '005', 'Tortilla Mini Coklat', '1', '1', '1', 1.00000, 1.00000, 1.00000, NULL, '2018-06-05 02:46:46', NULL),
	(349, '005000080', 'BP', '005', 'Tortilla Mini White Pepper', '1', '1', '1', 1.00000, 1.00000, 1.00000, NULL, '2018-06-05 02:46:46', NULL),
	(350, '005000081', 'BP', '005', 'Tortilla Mini Black Pepper', '1', '1', '1', 1.00000, 1.00000, 1.00000, NULL, '2018-06-05 02:46:46', NULL),
	(351, '005000082', 'BP', '005', 'Tortilla Catering Kuning', '1', '1', '1', 1.00000, 1.00000, 1.00000, NULL, '2018-06-05 02:46:46', NULL),
	(352, '005000083', 'BP', '005', 'Tortilla Mini Hitam Manis', '1', '1', '1', 1.00000, 1.00000, 1.00000, NULL, '2018-06-05 02:46:46', NULL),
	(353, '005000084', 'BP', '005', 'Tortilla Sedang Gandum', '1', '1', '1', 1.00000, 1.00000, 1.00000, NULL, '2018-06-05 02:46:46', NULL),
	(354, '005000085', 'BP', '005', 'Tortilla Besar Gandum', '1', '1', '1', 1.00000, 1.00000, 1.00000, NULL, '2018-06-05 02:46:46', NULL),
	(355, '005000086', 'BP', '005', 'Tortilla Mini Merah Manis', '1', '1', '1', 1.00000, 1.00000, 1.00000, NULL, '2018-06-05 02:46:46', NULL),
	(356, '005000087', 'BP', '005', 'Tortilla Besar Kuning', '1', '1', '1', 1.00000, 1.00000, 1.00000, NULL, '2018-06-05 02:46:46', NULL),
	(357, '005000088', 'BP', '005', 'Tortilla Mini Hijau Manis', '1', '1', '1', 1.00000, 1.00000, 1.00000, NULL, '2018-06-05 02:46:46', NULL),
	(358, '005000089', 'BP', '005', 'Tortilla Mini Kuning Manis', '1', '1', '1', 1.00000, 1.00000, 1.00000, NULL, '2018-06-05 02:46:46', NULL),
	(359, '005000090', 'BP', '005', 'Tortilla Sedang Kuning', '1', '1', '1', 1.00000, 1.00000, 1.00000, NULL, '2018-06-05 02:46:46', NULL),
	(360, '005000091', 'BP', '005', 'Tortilla Catering Hitam Manis', '1', '1', '1', 1.00000, 1.00000, 1.00000, NULL, '2018-06-05 02:46:46', NULL),
	(361, '005000092', 'BP', '005', 'Tortilla Sedang Hitam Manis', '1', '1', '1', 1.00000, 1.00000, 1.00000, NULL, '2018-06-05 02:46:46', NULL),
	(362, '005000093', 'BP', '005', 'Tortilla Besar Hijau Manis', '1', '1', '1', 1.00000, 1.00000, 1.00000, NULL, '2018-06-05 02:46:46', NULL),
	(363, '005000094', 'BP', '005', 'Tortilla Besar Merah Manis', '1', '1', '1', 1.00000, 1.00000, 1.00000, NULL, '2018-06-05 02:46:46', NULL),
	(364, '005000095', 'BP', '005', 'Tortilla Besar Kuning Manis', '1', '1', '1', 1.00000, 1.00000, 1.00000, NULL, '2018-06-05 02:46:46', NULL),
	(365, '005000096', 'BP', '005', 'Tortilla Sedang Merah Manis', '1', '1', '1', 1.00000, 1.00000, 1.00000, NULL, '2018-06-05 02:46:46', NULL),
	(366, '005000097', 'BP', '005', 'Tortilla Sedang Hijau Manis', '1', '1', '1', 1.00000, 1.00000, 1.00000, NULL, '2018-06-05 02:46:46', NULL),
	(367, '005000098', 'BP', '005', 'Tortilla Sedang Kuning Manis', '1', '1', '1', 1.00000, 1.00000, 1.00000, NULL, '2018-06-05 02:46:46', NULL),
	(368, '005000099', 'BP', '005', 'Tortilla Besar Coklat', '1', '1', '1', 1.00000, 1.00000, 1.00000, NULL, '2018-06-05 02:46:46', NULL),
	(369, '005000100', 'BP', '005', 'Tortilla sedang Jagung', '1', '1', '1', 1.00000, 1.00000, 1.00000, NULL, '2018-06-05 02:46:46', NULL),
	(370, '005000101', 'BP', '005', 'Tortilla Besar @10', '1', '1', '1', 1.00000, 1.00000, 1.00000, NULL, '2018-06-05 02:46:46', NULL),
	(371, '005000102', 'BP', '005', 'Tortilla Mini@10', '1', '1', '1', 1.00000, 1.00000, 1.00000, NULL, '2018-06-05 02:46:46', NULL),
	(372, '006000001', 'BJ', '006', 'Beef Burger Besar', '1', '1', '1', 1.00000, 1.00000, 1.00000, NULL, '2018-06-05 02:46:46', NULL),
	(373, '006000003', 'BJ', '006', 'Beef Burger Mini', '1', '1', '1', 1.00000, 1.00000, 1.00000, NULL, '2018-06-05 02:46:46', NULL),
	(374, '006000005', 'BJ', '006', 'Chiken Burger Besar', '1', '1', '1', 1.00000, 1.00000, 1.00000, NULL, '2018-06-05 02:46:46', NULL),
	(375, '006000006', 'BJ', '006', 'Chiken Burger Crispy', '1', '1', '1', 1.00000, 1.00000, 1.00000, NULL, '2018-06-05 02:46:46', NULL),
	(376, '006000007', 'BJ', '006', 'Chiken Burger Mini', '1', '1', '1', 1.00000, 1.00000, 1.00000, NULL, '2018-06-05 02:46:46', NULL),
	(377, '006000008', 'BJ', '006', 'Daging Kebab Ayam (2 Kg)', '1', '1', '1', 1.00000, 1.00000, 1.00000, NULL, '2018-06-05 02:46:46', NULL),
	(378, '006000009', 'BJ', '006', 'Daging Kebab Sapi (2 Kg)', '4', '4', '4', 1.00000, 1.00000, 1.00000, NULL, '2018-06-05 02:46:46', NULL),
	(379, '006000010', 'BJ', '011', 'Daging Kebab Sapi 4 Kg @ KEMFOOD', '1', '1', '1', 1.00000, 1.00000, 1.00000, NULL, '2018-06-05 02:46:46', NULL),
	(380, '006000011', 'BJ', '011', 'Daging Kebab Sapi 4 Kg TAMMA KW2', '1', '1', '1', 1.00000, 1.00000, 1.00000, NULL, '2018-06-05 02:46:46', NULL),
	(381, '006000012', 'BJ', '011', 'DRY ICE', '3', '3', '3', 1.00000, 1.00000, 1.00000, NULL, '2018-06-05 02:46:46', NULL),
	(382, '006000013', 'BJ', '006', 'Grill Beef Oval', '1', '1', '1', 1.00000, 1.00000, 1.00000, NULL, '2018-06-05 02:46:46', NULL),
	(383, '006000014', 'BJ', '006', 'Grill Beef Squere', '1', '1', '1', 1.00000, 1.00000, 1.00000, NULL, '2018-06-05 02:46:46', NULL),
	(384, '006000015', 'BJ', '006', 'Grill Chiken Oval', '1', '1', '1', 1.00000, 1.00000, 1.00000, NULL, '2018-06-05 02:46:46', NULL),
	(385, '006000016', 'BJ', '006', 'Grill Chiken Square', '1', '1', '1', 1.00000, 1.00000, 1.00000, NULL, '2018-06-05 02:46:46', NULL),
	(386, '006000025', 'BJ', '006', 'Beef Burger Crispy', '1', '1', '1', 1.00000, 1.00000, 1.00000, NULL, '2018-06-05 02:46:46', NULL),
	(387, '006000026', 'BJ', '011', 'Daging Kebab Sahara 2kg tp.tiang', '1', '1', '1', 1.00000, 1.00000, 1.00000, NULL, '2018-06-05 02:46:46', NULL),
	(388, '006000027', 'BJ', '006', 'Daging kebab sapi 500gr', '1', '1', '1', 1.00000, 1.00000, 1.00000, NULL, '2018-06-05 02:46:46', NULL),
	(389, '006000028', 'BJ', '006', 'Daging kebab ayam 500gr', '1', '1', '1', 1.00000, 1.00000, 1.00000, NULL, '2018-06-05 02:46:46', NULL),
	(390, '006000029', 'BJ', '006', 'Daging kebab kambing 500gr', '1', '1', '1', 1.00000, 1.00000, 1.00000, NULL, '2018-06-05 02:46:46', NULL),
	(391, '006000030', 'BJ', '006', 'Daging kebab sapi 2kg sahara premium', '1', '1', '1', 1.00000, 1.00000, 1.00000, NULL, '2018-06-05 02:46:46', NULL),
	(392, '006000031', 'BJ', '006', 'MDN premium kemfood 4 kg Dengan Tiang', '4', '4', '4', 1.00000, 1.00000, 1.00000, NULL, '2018-06-05 02:46:46', NULL),
	(393, '006000032', 'BJ', '006', 'MDN reguler kemfood 4 kg Dengan Tiang', '4', '4', '4', 1.00000, 1.00000, 1.00000, NULL, '2018-06-05 02:46:46', NULL),
	(394, '006000033', 'BJ', '006', 'MDN premium kemfood 2 kg Dengan Tiang', '4', '4', '4', 1.00000, 1.00000, 1.00000, NULL, '2018-06-05 02:46:46', NULL),
	(395, '006000034', 'BJ', '006', 'MDN reguler kemfood 2 kg Tanpa Tiang', '4', '4', '4', 1.00000, 1.00000, 1.00000, NULL, '2018-06-05 02:46:46', NULL),
	(396, '008000001', 'BJ', '008', 'Mayonaise Orange', '3', '3', '3', 1.00000, 1.00000, 1.00000, NULL, '2018-06-05 02:46:46', NULL),
	(397, '008000002', 'BJ', '008', 'Mayonaise @35', '3', '3', '3', 1.00000, 1.00000, 1.00000, NULL, '2018-06-05 02:46:46', NULL),
	(398, '008000003', 'BJ', '008', 'Mayonaise Putih', '3', '1', '1', 1.00000, 1.00000, 1.00000, NULL, '2018-06-05 02:46:46', NULL),
	(399, '009000076', 'BJ', '009', 'Kompor kebab', '4', '4', '4', 1.00000, 1.00000, 1.00000, NULL, '2018-06-05 02:46:46', NULL),
	(400, '009000077', 'BJ', '009', 'Kasa', '4', '4', '4', 1.00000, 1.00000, 1.00000, NULL, '2018-06-05 02:46:46', NULL),
	(401, '009000078', 'BJ', '011', 'Keramik', '4', '4', '4', 1.00000, 1.00000, 1.00000, NULL, '2018-06-05 02:46:46', NULL),
	(402, '009000079', 'BJ', '009', 'Chiken Besar Super', '1', '1', '1', 1.00000, 1.00000, 1.00000, NULL, '2018-06-05 02:46:46', NULL),
	(403, '011000001', 'BJ', '011', 'Botol', '4', '4', '4', 1.00000, 1.00000, 1.00000, NULL, '2018-06-05 02:46:46', NULL),
	(404, '011000002', 'BJ', '011', 'Botol Mayonaise', '4', '4', '4', 1.00000, 1.00000, 1.00000, NULL, '2018-06-05 02:46:46', NULL),
	(405, '011000003', 'BJ', '011', 'Burner mata 1', '4', '4', '4', 1.00000, 1.00000, 1.00000, NULL, '2018-06-05 02:46:46', NULL),
	(406, '011000010', 'BJ', '011', 'Capitan', '4', '4', '4', 1.00000, 1.00000, 1.00000, NULL, '2018-06-05 02:46:46', NULL),
	(407, '011000016', 'BJ', '011', 'Packaging Burger 100pcs', '1', '1', '1', 1.00000, 1.00000, 1.00000, NULL, '2018-06-05 02:46:46', NULL),
	(408, '011000017', 'BJ', '011', 'Packaging Kebab 100pcs', '1', '1', '1', 1.00000, 1.00000, 1.00000, NULL, '2018-06-05 02:46:46', NULL),
	(409, '011000018', 'BJ', '011', 'Packaging Kebab Mini 100pcs', '1', '1', '1', 1.00000, 1.00000, 1.00000, NULL, '2018-06-05 02:46:46', NULL),
	(410, '011000019', 'BJ', '011', 'Packaging Pita Bread 100pcs', '1', '1', '1', 1.00000, 1.00000, 1.00000, NULL, '2018-06-05 02:46:46', NULL),
	(411, '011000052', 'BJ', '011', 'Kapi', '4', '4', '4', 1.00000, 1.00000, 1.00000, NULL, '2018-06-05 02:46:46', NULL),
	(412, '011000053', 'BJ', '011', 'Bestfood Real', '4', 'DOS', 'DOS', 1.00000, 1.00000, 1.00000, NULL, '2018-06-05 02:46:46', NULL),
	(413, '011000055', 'BJ', '011', 'Bestfood mayo magic', '4', 'DOS', 'DOS', 1.00000, 1.00000, 1.00000, NULL, '2018-06-05 02:46:46', NULL),
	(414, '011000056', 'BJ', '011', 'wajan 50cm x50cm', '4', '4', '4', 1.00000, 1.00000, 1.00000, NULL, '2018-06-05 02:46:46', NULL),
	(415, '011000058', 'BJ', '011', 'wajan 30cm x 40cm', '4', '4', '4', 1.00000, 1.00000, 1.00000, NULL, '2018-06-05 02:46:46', NULL),
	(416, '011000059', 'BJ', '011', 'Wajan 30cm x 40cm (list)', '4', '4', '4', 1.00000, 1.00000, 1.00000, NULL, '2018-06-05 02:46:46', NULL),
	(417, '011000060', 'BJ', '011', 'Wajan 40cm x 40cm', '4', '4', '4', 1.00000, 1.00000, 1.00000, NULL, '2018-06-05 02:46:46', NULL),
	(418, '011000061', 'BJ', '011', 'Wajan 40cm x 40cm (list)', '4', '4', '4', 1.00000, 1.00000, 1.00000, NULL, '2018-06-05 02:46:46', NULL),
	(419, '011000062', 'BJ', '011', 'Wajan 40cm x 50cm', '4', '4', '4', 1.00000, 1.00000, 1.00000, NULL, '2018-06-05 02:46:46', NULL),
	(420, '011000063', 'BJ', '011', 'Wajan 40cm x 50cm (list)', '4', '4', '4', 1.00000, 1.00000, 1.00000, NULL, '2018-06-05 02:46:46', NULL),
	(422, '011000065', 'BJ', '011', 'Maryam super', '1', '1', '1', 1.00000, 1.00000, 1.00000, NULL, '2018-06-05 02:46:46', NULL),
	(423, '011000066', 'BJ', '011', 'Burner kecil', '4', '4', '4', 1.00000, 1.00000, 1.00000, NULL, '2018-06-05 02:46:46', NULL),
	(424, '011000067', 'BJ', '011', 'Pisau @200', '4', '4', '4', 1.00000, 1.00000, 1.00000, NULL, '2018-06-05 02:46:46', NULL),
	(425, '011000068', 'BJ', '011', 'Tortilla Besar H', '4', '4', '4', 1.00000, 1.00000, 1.00000, NULL, '2018-06-05 02:46:46', NULL),
	(426, '011000069', 'BJ', '011', 'Tortilla Sedang H', '4', '4', '4', 1.00000, 1.00000, 1.00000, NULL, '2018-06-05 02:46:46', NULL),
	(427, '011000070', 'BJ', '011', 'Daging Kebab Sapi 2 Kg @110', '4', '4', '4', 1.00000, 1.00000, 1.00000, NULL, '2018-06-05 02:46:46', NULL),
	(428, '011000071', 'BJ', '011', 'Pisau @400', '4', '4', '4', 1.00000, 1.00000, 1.00000, NULL, '2018-06-05 02:46:46', NULL),
	(429, '011000072', 'BJ', '011', 'Kran Burner', '4', '4', '4', 1.00000, 1.00000, 1.00000, NULL, '2018-06-05 02:46:46', NULL),
	(430, '011000073', 'BJ', '011', 'Pisau ', '4', '4', '4', 1.00000, 1.00000, 1.00000, NULL, '2018-06-05 02:46:46', NULL),
	(431, '011000074', 'BJ', '011', 'Daging Kebab Sapi 2 Kg TAMMA', '4', '4', '4', 1.00000, 1.00000, 1.00000, NULL, '2018-06-05 02:46:46', NULL),
	(432, '011000075', 'BJ', '011', 'Saos Sambal', '4', '4', '4', 1.00000, 1.00000, 1.00000, NULL, '2018-06-05 02:46:46', NULL),
	(433, '011000076', 'BJ', '011', 'Chiken Special', '4', '4', '4', 1.00000, 1.00000, 1.00000, NULL, '2018-06-05 02:46:46', NULL),
	(434, '011000077', 'BJ', '011', 'Burner besar KW1', '4', '4', '4', 1.00000, 1.00000, 1.00000, NULL, '2018-06-05 02:46:46', NULL),
	(435, '011000078', 'BJ', '011', 'Tiang Daging', '4', '4', '4', 1.00000, 1.00000, 1.00000, NULL, '2018-06-05 02:46:46', NULL),
	(436, '011000079', 'BJ', '011', 'Daging 4 kg KW3', '4', '4', '4', 1.00000, 1.00000, 1.00000, NULL, '2018-06-05 02:46:46', NULL),
	(437, '011000080', 'BJ', '011', 'Daging 2 kg KW3 ', '4', '4', '4', 1.00000, 1.00000, 1.00000, NULL, '2018-06-05 02:46:46', NULL),
	(438, '011000081', 'BJ', '011', 'Cone/Pizaa', '4', '4', '4', 1.00000, 1.00000, 1.00000, NULL, '2018-06-05 02:46:46', NULL),
	(439, '011000082', 'BJ', '011', 'Burner Auto', '4', '4', '4', 1.00000, 1.00000, 1.00000, NULL, '2018-06-05 02:46:46', NULL),
	(440, '011000083', 'BJ', '011', 'Sosis Sapi', '1', '1', '1', 1.00000, 1.00000, 1.00000, NULL, '2018-06-05 02:46:46', NULL),
	(441, '011000084', 'BJ', '011', 'Sosis Ayam', '1', '1', '1', 1.00000, 1.00000, 1.00000, NULL, '2018-06-05 02:46:46', NULL),
	(442, '011000085', 'BJ', '011', 'Daging Kebab Kambing 4 Kg', '1', '1', '1', 1.00000, 1.00000, 1.00000, NULL, '2018-06-05 02:46:46', NULL),
	(443, '011000086', 'BJ', '011', 'Daging Kebab Ayam 4 Kg', '1', '1', '1', 1.00000, 1.00000, 1.00000, NULL, '2018-06-05 02:46:46', NULL),
	(444, '011000087', 'BJ', '011', 'Saos Tomat', '4', '4', '4', 1.00000, 1.00000, 1.00000, NULL, '2018-06-05 02:46:46', NULL),
	(445, '011000088', 'BJ', '013', 'Capucino Cincau', '1', '1', '1', 1.00000, 1.00000, 1.00000, NULL, '2018-06-05 02:46:46', NULL),
	(446, '011000089', 'BJ', '011', 'Daging kebab 2 kg HERBAL', '1', '1', '1', 1.00000, 1.00000, 1.00000, NULL, '2018-06-05 02:46:46', NULL),
	(447, '011000090', 'BJ', '011', 'Maryam Coklat', '1', '1', '1', 1.00000, 1.00000, 1.00000, NULL, '2018-06-05 02:46:46', NULL),
	(448, '011000091', 'BJ', '011', 'Maryam Abon', '1', '1', '1', 1.00000, 1.00000, 1.00000, NULL, '2018-06-05 02:46:46', NULL),
	(449, '011000092', 'BJ', '011', 'Maryam Original', '1', '1', '1', 1.00000, 1.00000, 1.00000, NULL, '2018-06-05 02:46:46', NULL),
	(450, '011000093', 'BJ', '011', 'Daging Kebab Sapi 4 kg SAHARA', '1', '1', '1', 1.00000, 1.00000, 1.00000, NULL, '2018-06-05 02:46:46', NULL),
	(451, '011000094', 'BJ', '011', 'Daging Kebab Sapi 2 kg SAHARA', '1', '1', '1', 1.00000, 1.00000, 1.00000, NULL, '2018-06-05 02:46:46', NULL),
	(452, '011000095', 'BJ', '013', 'Cappucino @ 25 pcs', '1', '1', '1', 1.00000, 1.00000, 1.00000, NULL, '2018-06-05 02:46:46', NULL),
	(453, '011000096', 'BJ', '013', 'Royal Chocolate @ 25pcs', '1', '1', '1', 1.00000, 1.00000, 1.00000, NULL, '2018-06-05 02:46:46', NULL),
	(454, '011000097', 'BJ', '013', 'Vanilla @ 25 pcs', '1', '1', '1', 1.00000, 1.00000, 1.00000, NULL, '2018-06-05 02:46:46', NULL),
	(455, '011000098', 'BJ', '013', 'Bubble Gum B2 @ 25 pcs', '1', '1', '1', 1.00000, 1.00000, 1.00000, NULL, '2018-06-05 02:46:46', NULL),
	(456, '011000099', 'BJ', '011', 'Ram Burner', '1', '1', '1', 1.00000, 1.00000, 1.00000, NULL, '2018-06-05 02:46:46', NULL),
	(457, '011000100', 'BJ', '013', 'Green Tea @ 25pcs', '1', '1', '1', 1.00000, 1.00000, 1.00000, NULL, '2018-06-05 02:46:46', NULL),
	(458, '011000101', 'BJ', '013', 'Coffe Caramel @ 25pcs', '1', '1', '1', 1.00000, 1.00000, 1.00000, NULL, '2018-06-05 02:46:46', NULL),
	(459, '011000102', 'BJ', '013', 'Mochacino B2 @25pcs', '1', '1', '1', 1.00000, 1.00000, 1.00000, NULL, '2018-06-05 02:46:46', NULL),
	(460, '011000103', 'BJ', '013', 'Choco Caramel B2 @25pcs', '1', '1', '1', 1.00000, 1.00000, 1.00000, NULL, '2018-06-05 02:46:46', NULL),
	(461, '011000104', 'BJ', '011', 'Daging Kebab 4 kg HERBAL', '1', '1', '1', 1.00000, 1.00000, 1.00000, NULL, '2018-06-05 02:46:46', NULL),
	(462, '011000105', 'BJ', '011', 'Rombong', '4', '4', '4', 1.00000, 1.00000, 1.00000, NULL, '2018-06-05 02:46:46', NULL),
	(463, '011000106', 'BJ', '011', 'Roti Kid Burger', '1', '1', '1', 1.00000, 1.00000, 1.00000, NULL, '2018-06-05 02:46:46', NULL),
	(464, '011000107', 'BJ', '011', 'Roti Kid Hotdog', '1', '1', '1', 1.00000, 1.00000, 1.00000, NULL, '2018-06-05 02:46:46', NULL),
	(465, '011000108', 'BJ', '011', 'Roti Bun Polos', '1', '1', '1', 1.00000, 1.00000, 1.00000, NULL, '2018-06-05 02:46:46', NULL),
	(466, '011000109', 'BJ', '011', 'Roti Burger Wijen @11.700', '1', '1', '1', 1.00000, 1.00000, 1.00000, NULL, '2018-06-05 02:46:46', NULL),
	(467, '011000110', 'BJ', '011', 'Roti Burger Junior ', '1', '1', '1', 1.00000, 1.00000, 1.00000, NULL, '2018-06-05 02:46:46', NULL),
	(468, '011000111', 'BJ', '011', 'Roti Hotdog Polos', '1', '1', '1', 1.00000, 1.00000, 1.00000, NULL, '2018-06-05 02:46:46', NULL),
	(469, '011000112', 'BJ', '011', 'Deli Beef Bratwust', '1', '1', '1', 1.00000, 1.00000, 1.00000, NULL, '2018-06-05 02:46:46', NULL),
	(470, '011000113', 'BJ', '011', 'Ring Donat', '4', '4', '4', 1.00000, 1.00000, 1.00000, NULL, '2018-06-05 02:46:46', NULL),
	(471, '011000114', 'BJ', '011', 'Pizza Salami', '4', '4', '4', 1.00000, 1.00000, 1.00000, NULL, '2018-06-05 02:46:46', NULL),
	(472, '011000115', 'BJ', '011', 'Burger Sapi Mini', '1', '1', '1', 1.00000, 1.00000, 1.00000, NULL, '2018-06-05 02:46:46', NULL),
	(473, '011000116', 'BJ', '011', 'Burger Ayam', '1', '1', '1', 1.00000, 1.00000, 1.00000, NULL, '2018-06-05 02:46:46', NULL),
	(474, '011000117', 'BJ', '011', 'Burger Sapi', '1', '1', '1', 1.00000, 1.00000, 1.00000, NULL, '2018-06-05 02:46:46', NULL),
	(475, '011000118', 'BJ', '011', 'Sosis Sapi @63.100', '1', '1', '1', 1.00000, 1.00000, 1.00000, NULL, '2018-06-05 02:46:46', NULL),
	(476, '011000119', 'BJ', '011', 'Burger Patties', '1', '1', '1', 1.00000, 1.00000, 1.00000, NULL, '2018-06-05 02:46:46', NULL),
	(477, '011000120', 'BJ', '011', 'Burger Ayam Crispy', '1', '1', '1', 1.00000, 1.00000, 1.00000, NULL, '2018-06-05 02:46:46', NULL),
	(478, '011000121', 'BJ', '011', 'Nagget Udang', '1', '1', '1', 1.00000, 1.00000, 1.00000, NULL, '2018-06-05 02:46:46', NULL),
	(479, '011000122', 'BJ', '011', 'Maryam Original Jumbo', '1', '1', '1', 1.00000, 1.00000, 1.00000, NULL, '2018-06-05 02:46:46', NULL),
	(480, '011000123', 'BJ', '011', 'Daging Kebab 2 kg SAHARA tanpa Tiang', '1', '1', '1', 1.00000, 1.00000, 1.00000, NULL, '2018-06-05 02:46:46', NULL),
	(481, '011000124', 'BJ', '011', 'Sarangan Burner', '4', '4', '4', 1.00000, 1.00000, 1.00000, NULL, '2018-06-05 02:46:46', NULL),
	(482, '011000125', 'BJ', '011', 'packaging Kebab Dus', '1', '1', '1', 1.00000, 1.00000, 1.00000, NULL, '2018-06-05 02:46:46', NULL),
	(483, '011000126', 'BJ', '011', 'Packaging Burger DUs', '1', '1', '1', 1.00000, 1.00000, 1.00000, NULL, '2018-06-05 02:46:46', NULL),
	(484, '011000127', 'BJ', '011', 'Burner Besar Pematik', '4', '4', '4', 1.00000, 1.00000, 1.00000, NULL, '2018-06-05 02:46:46', NULL),
	(485, '011000128', 'BJ', '011', 'Burner Kecil Pematik', '4', '4', '4', 1.00000, 1.00000, 1.00000, NULL, '2018-06-05 02:46:46', NULL),
	(486, '011000129', 'BJ', '011', 'Maryam Mini isi 10pcs', '1', '1', '1', 1.00000, 1.00000, 1.00000, NULL, '2018-06-05 02:46:46', NULL),
	(487, '011000130', 'BJ', '011', 'Daging Kebab Sapi 2 kg Baru', '1', '1', '1', 1.00000, 1.00000, 1.00000, NULL, '2018-06-05 02:46:46', NULL),
	(488, '011000131', 'BJ', '011', 'Beef Besar', '1', '1', '1', 1.00000, 1.00000, 1.00000, NULL, '2018-06-05 02:46:46', NULL),
	(489, '011000132', 'BJ', '011', 'Chiken Besar', '1', '1', '1', 1.00000, 1.00000, 1.00000, NULL, '2018-06-05 02:46:46', NULL),
	(490, '011000133', 'BJ', '011', 'Daging Kebab Ayam Special 4 kg', '1', '1', '1', 1.00000, 1.00000, 1.00000, NULL, '2018-06-05 02:46:46', NULL),
	(491, '011000134', 'BJ', '011', 'Packaging Kebab indokebab', '1', '1', '1', 1.00000, 1.00000, 1.00000, NULL, '2018-06-05 02:46:46', NULL),
	(492, '011000135', 'BJ', '011', 'Packaging Burger Indokebab', '1', '1', '1', 1.00000, 1.00000, 1.00000, NULL, '2018-06-05 02:46:46', NULL),
	(493, '011000136', 'BJ', '011', 'Sosis Bakar Sapi', '1', '1', '1', 1.00000, 1.00000, 1.00000, NULL, '2018-06-05 02:46:46', NULL),
	(494, '011000137', 'BJ', '011', 'Daging Kebab Sapi Putih', '1', '1', '1', 1.00000, 1.00000, 1.00000, NULL, '2018-06-05 02:46:46', NULL),
	(495, '011000138', 'BJ', '011', 'Daging Kebab Sapi Merah', '1', '1', '1', 1.00000, 1.00000, 1.00000, NULL, '2018-06-05 02:46:46', NULL),
	(496, '011000139', 'BJ', '011', 'Sosis Bakar Ayam', '1', '1', '1', 1.00000, 1.00000, 1.00000, NULL, '2018-06-05 02:46:46', NULL),
	(497, '011000140', 'BJ', '011', 'Bong Sisha', '4', '4', '4', 1.00000, 1.00000, 1.00000, NULL, '2018-06-05 02:46:46', NULL),
	(498, '011000141', 'BJ', '011', 'Essennce Sisha', '4', '4', '4', 1.00000, 1.00000, 1.00000, NULL, '2018-06-05 02:46:46', NULL),
	(499, '011000142', 'BJ', '011', 'Arang Sisha', '4', '4', '4', 1.00000, 1.00000, 1.00000, NULL, '2018-06-05 02:46:46', NULL),
	(500, '011000143', 'BJ', '011', 'Sosis Bakar Sapi Blackpepper', '1', '1', '1', 1.00000, 1.00000, 1.00000, NULL, '2018-06-05 02:46:46', NULL),
	(501, '011000144', 'BJ', '011', 'Sosis Bakar Sapi Cheese', '1', '1', '1', 1.00000, 1.00000, 1.00000, NULL, '2018-06-05 02:46:46', NULL),
	(502, '011000145', 'BJ', '014', 'Kebab Durian', '1', '1', '1', 1.00000, 1.00000, 1.00000, NULL, '2018-06-05 02:46:46', NULL),
	(503, '011000146', 'BJ', '014', 'Kebab Sapi Original', '1', '1', '1', 1.00000, 1.00000, 1.00000, NULL, '2018-06-05 02:46:46', NULL),
	(504, '011000147', 'BJ', '014', 'Kebab Ayam Teriyaki', '1', '1', '1', 1.00000, 1.00000, 1.00000, NULL, '2018-06-05 02:46:46', NULL),
	(505, '011000148', 'BJ', '011', 'Daging kebab Sahara 4 kg Premium', '1', '1', '1', 1.00000, 1.00000, 1.00000, NULL, '2018-06-05 02:46:46', NULL),
	(506, '011000149', 'BJ', '011', 'Panggangan Sosis', '4', '4', '4', 1.00000, 1.00000, 1.00000, NULL, '2018-06-05 02:46:46', NULL),
	(507, '011000150', 'BJ', '011', 'Pisau impor', '4', '4', '4', 1.00000, 1.00000, 1.00000, NULL, '2018-06-05 02:46:46', NULL),
	(508, '011000151', 'BJ', '011', 'Saos Barbeque', '1', '1', '1', 1.00000, 1.00000, 1.00000, NULL, '2018-06-05 02:46:46', NULL),
	(509, '011000152', 'BJ', '011', 'Kroket sayur', '1', '1', '1', 1.00000, 1.00000, 1.00000, NULL, '2018-06-05 02:46:46', NULL),
	(510, '011000153', 'BJ', '011', 'Pastel Daging', '1', '1', '1', 1.00000, 1.00000, 1.00000, NULL, '2018-06-05 02:46:46', NULL),
	(511, '011000154', 'BJ', '011', 'Risoles', '1', '1', '1', 1.00000, 1.00000, 1.00000, NULL, '2018-06-05 02:46:46', NULL),
	(512, '011000155', 'BJ', '011', 'Risoles Mayonaise', '1', '1', '1', 1.00000, 1.00000, 1.00000, NULL, '2018-06-05 02:46:46', NULL),
	(513, '011000156', 'BJ', '011', 'Roll Corn', '1', '1', '1', 1.00000, 1.00000, 1.00000, NULL, '2018-06-05 02:46:46', NULL),
	(514, '011000157', 'BJ', '011', 'Lemper Bakar Daging', '1', '1', '1', 1.00000, 1.00000, 1.00000, NULL, '2018-06-05 02:46:46', NULL),
	(515, '011000158', 'BJ', '011', 'Martabak', '1', '1', '1', 1.00000, 1.00000, 1.00000, NULL, '2018-06-05 02:46:46', NULL),
	(516, '011000159', 'BJ', '011', 'Tahu Bakso', '1', '1', '1', 1.00000, 1.00000, 1.00000, NULL, '2018-06-05 02:46:46', NULL),
	(517, '011000160', 'BJ', '011', 'Sosis Solo', '1', '1', '1', 1.00000, 1.00000, 1.00000, NULL, '2018-06-05 02:46:46', NULL),
	(518, '011000161', 'BJ', '011', 'Pastel Ayam', '1', '1', '1', 1.00000, 1.00000, 1.00000, NULL, '2018-06-05 02:46:46', NULL),
	(519, '011000162', 'BJ', '011', 'Lumpia Ayam', '1', '1', '1', 1.00000, 1.00000, 1.00000, NULL, '2018-06-05 02:46:46', NULL),
	(520, '011000163', 'BJ', '011', 'Sambosa', '1', '1', '1', 1.00000, 1.00000, 1.00000, NULL, '2018-06-05 02:46:46', NULL),
	(521, '011000164', 'BJ', '011', 'Onde-onde', '1', '1', '1', 1.00000, 1.00000, 1.00000, NULL, '2018-06-05 02:46:46', NULL),
	(522, '011000165', 'BJ', '011', 'Donat Original', '1', '1', '1', 1.00000, 1.00000, 1.00000, NULL, '2018-06-05 02:46:46', NULL),
	(523, '011000166', 'BJ', '011', 'Donat Isi Keju/ Coklat/Stawberry/Blueberry', '1', '1', '1', 1.00000, 1.00000, 1.00000, NULL, '2018-06-05 02:46:46', NULL),
	(524, '011000167', 'BJ', '011', 'Lumpia Daging', '1', '1', '1', 1.00000, 1.00000, 1.00000, NULL, '2018-06-05 02:46:46', NULL),
	(525, '011000168', 'BJ', '011', 'Lumpur Kentang', '1', '1', '1', 1.00000, 1.00000, 1.00000, NULL, '2018-06-05 02:46:46', NULL),
	(526, '011000169', 'BJ', '011', 'Brota Kacang', '1', '1', '1', 1.00000, 1.00000, 1.00000, NULL, '2018-06-05 02:46:46', NULL),
	(527, '011000170', 'BJ', '011', 'Daging Kebab Sapi 4 Kg TAMMA KW1', '1', '1', '1', 1.00000, 1.00000, 1.00000, NULL, '2018-06-05 02:46:46', NULL),
	(528, '011000171', 'BJ', '011', 'American Dough Pizza', '1', '1', '1', 1.00000, 1.00000, 1.00000, NULL, '2018-06-05 02:46:46', NULL),
	(529, '011000172', 'BJ', '011', 'Kentang', '1', '1', '1', 1.00000, 1.00000, 1.00000, NULL, '2018-06-05 02:46:46', NULL),
	(530, '011000173', 'BJ', '011', 'Daging Kebab Sapi 1 kg TAMMAFOOD', '1', '1', '1', 1.00000, 1.00000, 1.00000, NULL, '2018-06-05 02:46:46', NULL),
	(531, '011000174', 'BJ', '011', 'Daging Kebab Sapi 2 Kg tnp tiang TAMMAFOOD', '1', '1', '1', 1.00000, 1.00000, 1.00000, NULL, '2018-06-05 02:46:46', NULL),
	(532, '011000175', 'BJ', '011', 'Beef Besar Super', '1', '1', '1', 1.00000, 1.00000, 1.00000, NULL, '2018-06-05 02:46:46', NULL),
	(533, '011000176', 'BJ', '011', 'Lectus', '3', '3', '3', 1.00000, 1.00000, 1.00000, NULL, '2018-06-05 02:46:46', NULL),
	(534, '011000177', 'BJ', '011', 'Chicken Besar Super', '1', '1', '1', 1.00000, 1.00000, 1.00000, NULL, '2018-06-05 02:46:46', NULL),
	(535, '011000178', 'BJ', '011', 'Framelist', '4', '4', '4', 1.00000, 1.00000, 1.00000, NULL, '2018-06-05 02:46:46', NULL),
	(536, '011000179', 'BJ', '011', 'Rumah Burner', '1', '1', '1', 1.00000, 1.00000, 1.00000, NULL, '2018-06-05 02:46:46', NULL),
	(537, '011000180', 'BJ', '011', 'Pizza Mini', '1', '1', '1', 1.00000, 1.00000, 1.00000, NULL, '2018-06-05 02:46:46', NULL),
	(538, '011000181', 'BJ', '011', 'Wajan 40cm x 70cm', '4', '4', '4', 1.00000, 1.00000, 1.00000, NULL, '2018-06-05 02:46:46', NULL),
	(539, '011000182', 'BJ', '011', 'Grill kotak 45gr', '1', '1', '1', 1.00000, 1.00000, 1.00000, NULL, '2018-06-05 02:46:46', NULL),
	(540, '011000183', 'BJ', '011', 'Beef Bulat 60gr', '1', '1', '1', 1.00000, 1.00000, 1.00000, NULL, '2018-06-05 02:46:46', NULL),
	(541, '011000184', 'BJ', '011', 'Beef Bulat 70gr', '1', '1', '1', 1.00000, 1.00000, 1.00000, NULL, '2018-06-05 02:46:46', NULL),
	(542, '011000185', 'BJ', '011', 'Beef Kotak 90gr', '1', '1', '1', 1.00000, 1.00000, 1.00000, NULL, '2018-06-05 02:46:46', NULL),
	(543, '011000186', 'BJ', '011', 'Chiken grill  Bulat 60gr', '1', '1', '1', 1.00000, 1.00000, 1.00000, NULL, '2018-06-05 02:46:46', NULL),
	(544, '011000187', 'BJ', '011', 'Bitterballen', '1', '1', '1', 1.00000, 1.00000, 1.00000, NULL, '2018-06-05 02:46:46', NULL),
	(545, '011000188', 'BJ', '011', 'Roti Bun Wijen', '1', '1', '1', 1.00000, 1.00000, 1.00000, NULL, '2018-06-05 02:46:46', NULL),
	(546, '011000189', 'BJ', '011', 'Roti Hotdog Wijen MCD', '1', '1', '1', 1.00000, 1.00000, 1.00000, NULL, '2018-06-05 02:46:46', NULL),
	(547, '011000190', 'BJ', '011', 'Panza Roti', '1', '1', '1', 1.00000, 1.00000, 1.00000, NULL, '2018-06-05 02:46:46', NULL),
	(548, '011000191', 'BJ', '011', 'Grill Kotak 60gr', '1', '1', '1', 1.00000, 1.00000, 1.00000, NULL, '2018-06-05 02:46:46', NULL),
	(549, '011000192', 'BJ', '011', 'Tembaga pipa / Spuyer', '4', '4', '4', 1.00000, 1.00000, 1.00000, NULL, '2018-06-05 02:46:46', NULL),
	(550, '011000193', 'BJ', '011', 'Pipa Tiang', '4', '4', '4', 1.00000, 1.00000, 1.00000, NULL, '2018-06-05 02:46:46', NULL),
	(551, '011000194', 'BJ', '011', 'tusukan burner', '4', '4', '4', 1.00000, 1.00000, 1.00000, NULL, '2018-06-05 02:46:46', NULL),
	(552, '011000195', 'BJ', '011', 'Pizza Dough', '4', '4', '4', 1.00000, 1.00000, 1.00000, NULL, '2018-06-05 02:46:46', NULL),
	(553, '011000196', 'BJ', '011', 'Plastik bungkus hotdog', '4', '4', '4', 1.00000, 1.00000, 1.00000, NULL, '2018-06-05 02:46:46', NULL),
	(554, '011000198', 'BJ', '011', 'Beef kotak 45gr', '1', '1', '1', 1.00000, 1.00000, 1.00000, NULL, '2018-06-05 02:46:46', NULL),
	(555, '011000199', 'BJ', '011', 'donat keju', '1', '1', '1', 1.00000, 1.00000, 1.00000, NULL, '2018-06-05 02:46:46', NULL),
	(556, '011000200', 'BJ', '011', 'donat coklat', '1', '1', '1', 1.00000, 1.00000, 1.00000, NULL, '2018-06-05 02:46:46', NULL),
	(557, '011000201', 'BJ', '011', 'donat stawberry', '1', '1', '1', 1.00000, 1.00000, 1.00000, NULL, '2018-06-05 02:46:46', NULL),
	(558, '011000202', 'BJ', '011', 'wajan 32 cm', '4', '4', '4', 1.00000, 1.00000, 1.00000, NULL, '2018-06-05 02:46:46', NULL),
	(559, '011000203', 'BJ', '011', 'saos tomat mc.lewis', '4', '4', '4', 1.00000, 1.00000, 1.00000, NULL, '2018-06-05 02:46:46', NULL),
	(560, '011000204', 'BJ', '011', 'mayonaise mc lewis', '4', '4', '4', 1.00000, 1.00000, 1.00000, NULL, '2018-06-05 02:46:46', NULL),
	(561, '011000205', 'BJ', '011', 'roti bun wijen hitam', '1', '1', '1', 1.00000, 1.00000, 1.00000, NULL, '2018-06-05 02:46:46', NULL),
	(562, '011000206', 'BJ', '011', 'Tortilla sedang keju', '1', '1', '1', 1.00000, 1.00000, 1.00000, NULL, '2018-06-05 02:46:46', NULL),
	(563, '011000207', 'BJ', '011', 'Daging Kebab Sapi 4 kg Premium Sahara', '4', '4', '4', 1.00000, 1.00000, 1.00000, NULL, '2018-06-05 02:46:46', NULL),
	(564, '011000208', 'BJ', '011', 'Daging Kebab Sapi Kemfood 500gr', '1', '1', '1', 1.00000, 1.00000, 1.00000, NULL, '2018-06-05 02:46:46', NULL),
	(565, '011000209', 'BJ', '011', 'Daging Kebab Kambing Kemfood 500gr', '1', '1', '1', 1.00000, 1.00000, 1.00000, NULL, '2018-06-05 02:46:46', NULL),
	(566, '011000210', 'BJ', '011', 'Daging Kebab Ayam Kemfood 500gr', '1', '1', '1', 1.00000, 1.00000, 1.00000, NULL, '2018-06-05 02:46:46', NULL),
	(567, '011000211', 'BJ', '011', 'Daging Kebab Sapi Premium 2 kg Tiang Sahara  ', '1', '1', '1', 1.00000, 1.00000, 1.00000, NULL, '2018-06-05 02:46:46', NULL),
	(568, '011000212', 'BJ', '011', 'TABUNG LPG 3 Kg', '4', '4', '4', 1.00000, 1.00000, 1.00000, NULL, '2018-06-05 02:46:46', NULL),
	(569, '011000213', 'BJ', '011', 'SERBET', '4', '4', '4', 1.00000, 1.00000, 1.00000, NULL, '2018-06-05 02:46:46', NULL),
	(570, '011000214', 'BJ', '011', 'CLEAR LIQUID', '4', '4', '4', 1.00000, 1.00000, 1.00000, NULL, '2018-06-05 02:46:46', NULL),
	(571, '011000215', 'BJ', '011', 'Beef burger sahara', '1', '1', '1', 1.00000, 1.00000, 1.00000, NULL, '2018-06-05 02:46:46', NULL),
	(572, '011000216', 'BJ', '011', 'Kentang 500 Grm', '1', '1', '1', 1.00000, 1.00000, 1.00000, NULL, '2018-06-05 02:46:46', NULL),
	(574, '013000001', 'BJ', '003', 'Box TB', '4', '4', '4', 1.00000, 1.00000, 1.00000, NULL, '2018-06-05 02:46:46', NULL),
	(575, '013000002', 'BJ', '003', 'Box TS', '4', '4', '4', 1.00000, 1.00000, 1.00000, NULL, '2018-06-05 02:46:46', NULL),
	(576, '013000003', 'BJ', '003', 'Box TM', '4', '4', '4', 1.00000, 1.00000, 1.00000, NULL, '2018-06-05 02:46:46', NULL),
	(577, '013000004', 'BJ', '013', 'Royal Chocolate original 1 kg', '1', '1', '1', 1.00000, 1.00000, 1.00000, NULL, '2018-06-05 02:46:46', NULL),
	(578, '013000005', 'BJ', '013', 'Green Tea original 1 kg', '1', '1', '1', 1.00000, 1.00000, 1.00000, NULL, '2018-06-05 02:46:46', NULL),
	(579, '013000006', 'BJ', '013', 'Peppermint original 1 kg', '1', '1', '1', 1.00000, 1.00000, 1.00000, NULL, '2018-06-05 02:46:46', NULL),
	(580, '013000007', 'BJ', '013', 'Vanilla original 1 kg', '1', '1', '1', 1.00000, 1.00000, 1.00000, NULL, '2018-06-05 02:46:46', NULL),
	(581, '013000008', 'BJ', '013', 'Chocolate original 1 kg', '1', '1', '1', 1.00000, 1.00000, 1.00000, NULL, '2018-06-05 02:46:46', NULL),
	(582, '013000009', 'BJ', '013', 'Vanilla Late original 1 kg', '1', '1', '1', 1.00000, 1.00000, 1.00000, NULL, '2018-06-05 02:46:46', NULL),
	(583, '013000010', 'BJ', '013', 'Choco Mint original 1 kg', '1', '1', '1', 1.00000, 1.00000, 1.00000, NULL, '2018-06-05 02:46:46', NULL),
	(584, '013000011', 'BJ', '013', 'Coffe Caramel original 1 kg', '1', '1', '1', 1.00000, 1.00000, 1.00000, NULL, '2018-06-05 02:46:46', NULL),
	(585, '013000012', 'BJ', '013', 'Dubble Gum original 1 kg', '1', '1', '1', 1.00000, 1.00000, 1.00000, NULL, '2018-06-05 02:46:46', NULL),
	(586, '013000013', 'BJ', '013', 'Taro original 1 kg', '1', '1', '1', 1.00000, 1.00000, 1.00000, NULL, '2018-06-05 02:46:46', NULL),
	(587, '013000014', 'BJ', '013', 'Durian original 1 kg', '1', '1', '1', 1.00000, 1.00000, 1.00000, NULL, '2018-06-05 02:46:46', NULL),
	(588, '013000015', 'BJ', '013', 'Cappucino original 1 kg', '1', '1', '1', 1.00000, 1.00000, 1.00000, NULL, '2018-06-05 02:46:46', NULL),
	(589, '013000016', 'BJ', '013', 'Milk Tea original 1 kg', '1', '1', '1', 1.00000, 1.00000, 1.00000, NULL, '2018-06-05 02:46:46', NULL),
	(590, '013000017', 'BJ', '013', 'Red Ginger Original 1 kg', '1', '1', '1', 1.00000, 1.00000, 1.00000, NULL, '2018-06-05 02:46:46', NULL),
	(591, '013000018', 'BJ', '013', 'Caramello original 1 kg', '1', '1', '1', 1.00000, 1.00000, 1.00000, NULL, '2018-06-05 02:46:46', NULL),
	(592, '013000019', 'BJ', '013', 'Choco Caramel original 1 kg', '1', '1', '1', 1.00000, 1.00000, 1.00000, NULL, '2018-06-05 02:46:46', NULL),
	(593, '013000020', 'BJ', '013', 'Creamer original 1 kg', '1', '1', '1', 1.00000, 1.00000, 1.00000, NULL, '2018-06-05 02:46:46', NULL),
	(594, '013000021', 'BJ', '013', 'Mochacino original 1 kg', '1', '1', '1', 1.00000, 1.00000, 1.00000, NULL, '2018-06-05 02:46:46', NULL),
	(595, '013000022', 'BJ', '013', 'Cokotaro original 1 kg', '1', '1', '1', 1.00000, 1.00000, 1.00000, NULL, '2018-06-05 02:46:46', NULL),
	(596, '013000023', 'BJ', '013', 'Vanilla Blue original 1 kg', '1', '1', '1', 1.00000, 1.00000, 1.00000, NULL, '2018-06-05 02:46:46', NULL),
	(597, '013000024', 'BJ', '013', 'Choco Creamy Original 1 kg', '1', '1', '1', 1.00000, 1.00000, 1.00000, NULL, '2018-06-05 02:46:46', NULL),
	(598, '013000025', 'BJ', '013', 'Chocolate @ 25 pcs', '1', '1', '1', 1.00000, 1.00000, 1.00000, NULL, '2018-06-05 02:46:46', NULL),
	(599, '013000026', 'BJ', '013', 'Vanilla Late @ 25 pcs', '1', '1', '1', 1.00000, 1.00000, 1.00000, NULL, '2018-06-05 02:46:46', NULL),
	(600, '013000027', 'BJ', '013', 'Choco Mint @ 25 pcs', '1', '1', '1', 1.00000, 1.00000, 1.00000, NULL, '2018-06-05 02:46:46', NULL),
	(601, '013000028', 'BJ', '013', 'Vanilla Blue @ 25 pcs', '1', '1', '1', 1.00000, 1.00000, 1.00000, NULL, '2018-06-05 02:46:46', NULL),
	(602, '013000029', 'BJ', '013', 'Choco Creamy @ 25 pcs', '1', '1', '1', 1.00000, 1.00000, 1.00000, NULL, '2018-06-05 02:46:46', NULL),
	(603, '013000030', 'BJ', '013', 'Taro @ 25 pcs', '4', '1', '1', 1.00000, 1.00000, 1.00000, NULL, '2018-06-05 02:46:46', NULL),
	(604, '013000031', 'BJ', '013', 'Durian @ 25 pcs', '1', '1', '1', 1.00000, 1.00000, 1.00000, NULL, '2018-06-05 02:46:46', NULL),
	(605, '013000032', 'BJ', '013', 'Milk Tea @ 25 pcs', '1', '1', '1', 1.00000, 1.00000, 1.00000, NULL, '2018-06-05 02:46:46', NULL),
	(606, '013000033', 'BJ', '013', 'Red Ginger @ 25 pcs', '1', '1', '1', 1.00000, 1.00000, 1.00000, NULL, '2018-06-05 02:46:46', NULL),
	(607, '013000034', 'BJ', '013', 'Caramello @ 25 pcs', '1', '1', '1', 1.00000, 1.00000, 1.00000, NULL, '2018-06-05 02:46:46', NULL),
	(608, '013000035', 'BJ', '013', 'Creamer @ 25 pcs', '1', '1', '1', 1.00000, 1.00000, 1.00000, NULL, '2018-06-05 02:46:46', NULL),
	(609, '013000036', 'BJ', '013', 'Cokotaro @ 25 pcs', '1', '1', '1', 1.00000, 1.00000, 1.00000, NULL, '2018-06-05 02:46:46', NULL),
	(610, '013000037', 'BJ', '013', 'Jelly @ 25 pcs', '1', '1', '1', 1.00000, 1.00000, 1.00000, NULL, '2018-06-05 02:46:46', NULL),
	(611, '013000038', 'BJ', '013', 'Powder Cincau Hitam', '1', '1', '1', 1.00000, 1.00000, 1.00000, NULL, '2018-06-05 02:46:46', NULL),
	(612, '013000039', 'BJ', '013', 'Bubble/Tapioka', '1', '1', '1', 1.00000, 1.00000, 1.00000, NULL, '2018-06-05 02:46:46', NULL),
	(613, '013000040', 'BJ', '013', 'Strawberry Syrup', '1', '1', '1', 1.00000, 1.00000, 1.00000, NULL, '2018-06-05 02:46:46', NULL),
	(614, '013000041', 'BJ', '013', 'Bluebarry Syrup', '1', '1', '1', 1.00000, 1.00000, 1.00000, NULL, '2018-06-05 02:46:46', NULL),
	(615, '013000042', 'BJ', '013', 'Melon Syrup', '1', '1', '1', 1.00000, 1.00000, 1.00000, NULL, '2018-06-05 02:46:46', NULL),
	(616, '013000043', 'BJ', '013', 'Lemon Syrup', '1', '1', '1', 1.00000, 1.00000, 1.00000, NULL, '2018-06-05 02:46:46', NULL),
	(617, '013000044', 'BJ', '013', 'Leci Syrup', '1', '1', '1', 1.00000, 1.00000, 1.00000, NULL, '2018-06-05 02:46:46', NULL),
	(618, '013000045', 'BJ', '013', 'Kiwi Syrup', '1', '1', '1', 1.00000, 1.00000, 1.00000, NULL, '2018-06-05 02:46:46', NULL),
	(619, '013000046', 'BJ', '013', 'Apel Syrup', '1', '1', '1', 1.00000, 1.00000, 1.00000, NULL, '2018-06-05 02:46:46', NULL),
	(620, '013000047', 'BJ', '013', 'Sirsak Syrup', '1', '1', '1', 1.00000, 1.00000, 1.00000, NULL, '2018-06-05 02:46:46', NULL),
	(621, '013000048', 'BJ', '013', 'Manggo Syrup', '1', '1', '1', 1.00000, 1.00000, 1.00000, NULL, '2018-06-05 02:46:46', NULL),
	(622, '013000049', 'BJ', '013', 'Guafa Syrup', '1', '1', '1', 1.00000, 1.00000, 1.00000, NULL, '2018-06-05 02:46:46', NULL),
	(623, '013000050', 'BJ', '013', 'Durian Syrup', '1', '1', '1', 1.00000, 1.00000, 1.00000, NULL, '2018-06-05 02:46:46', NULL),
	(624, '013000051', 'BJ', '013', 'Orange Syrup', '1', '1', '1', 1.00000, 1.00000, 1.00000, NULL, '2018-06-05 02:46:46', NULL),
	(625, '013000052', 'BJ', '013', 'Grape Syrup', '1', '1', '1', 1.00000, 1.00000, 1.00000, NULL, '2018-06-05 02:46:46', NULL),
	(626, '013000053', 'BJ', '013', 'Vanilla Blue Syrup', '1', '1', '1', 1.00000, 1.00000, 1.00000, NULL, '2018-06-05 02:46:46', NULL),
	(627, '013000054', 'BJ', '013', 'Yoghurt Syrup', '1', '1', '1', 1.00000, 1.00000, 1.00000, NULL, '2018-06-05 02:46:46', NULL),
	(628, '013000055', 'BJ', '013', 'Markisa Syrup', '1', '1', '1', 1.00000, 1.00000, 1.00000, NULL, '2018-06-05 02:46:46', NULL),
	(629, '013000056', 'BJ', '013', 'Peppermint @ 25 pcs', '1', '1', '1', 1.00000, 1.00000, 1.00000, NULL, '2018-06-05 02:46:46', NULL),
	(630, '013000057', 'BJ', '013', 'Choco taro B2 @ 25pcs', '1', '1', '1', 1.00000, 1.00000, 1.00000, NULL, '2018-06-05 02:46:46', NULL),
	(631, '013000058', 'BJ', '013', 'buble gum 1 kg', '1', '1', '1', 1.00000, 1.00000, 1.00000, NULL, '2018-06-05 02:46:46', NULL),
	(632, '013000059', 'BJ', '013', 'Bubble/Tapioka 1kg', '1', '1', '1', 1.00000, 1.00000, 1.00000, NULL, '2018-06-05 02:46:46', NULL),
	(633, '014000001', 'BJ', '014', 'Kebab Jamur Sitake', '1', '1', '1', 1.00000, 1.00000, 1.00000, NULL, '2018-06-05 02:46:46', NULL),
	(634, '014000002', 'BJ', '014', 'Kebab TC', '1', '1', '1', 1.00000, 1.00000, 1.00000, NULL, '2018-06-05 02:46:46', NULL),
	(635, '014000003', 'BJ', '014', 'Kebab TJ', '1', '1', '1', 1.00000, 1.00000, 1.00000, NULL, '2018-06-05 02:46:46', NULL),
	(636, '014000004', 'BJ', '014', 'Saus', '1', '1', '1', 1.00000, 1.00000, 1.00000, NULL, '2018-06-05 02:46:46', NULL),
	(637, '014000005', 'BJ', '014', 'Kebab Daging', '1', '1', '1', 1.00000, 1.00000, 1.00000, NULL, '2018-06-05 02:46:46', NULL),
	(638, '014000006', 'BJ', '014', 'Kebab Ayam Jamur', '1', '1', '1', 1.00000, 1.00000, 1.00000, NULL, '2018-06-05 02:46:46', NULL),
	(639, '014000007', 'BJ', '014', 'Kebab Tuna', '1', '1', '1', 1.00000, 1.00000, 1.00000, NULL, '2018-06-05 02:46:46', NULL),
	(640, '014000008', 'BJ', '014', 'Kebab Pisang Coklat', '1', '1', '1', 1.00000, 1.00000, 1.00000, NULL, '2018-06-05 02:46:46', NULL),
	(641, '014000009', 'BJ', '014', 'Kebab Buah', '1', '1', '1', 1.00000, 1.00000, 1.00000, NULL, '2018-06-05 02:46:46', NULL),
	(642, '014000010', 'BJ', '014', 'Kebab TS', '1', '1', '1', 1.00000, 1.00000, 1.00000, NULL, '2018-06-05 02:46:46', NULL),
	(643, '014000011', 'BJ', '014', 'Kebab TM', '1', '1', '1', 1.00000, 1.00000, 1.00000, NULL, '2018-06-05 02:46:46', NULL),
	(644, '014000012', 'BJ', '014', 'Kebab fryam jamur', '1', '1', '1', 1.00000, 1.00000, 1.00000, NULL, '2018-06-05 02:46:46', NULL),
	(645, '015000001', 'BJ', '015', 'PAJAK 10 %', '12', '12', '12', 1.00000, 1.00000, 1.00000, NULL, '2018-06-05 02:46:46', NULL),
	(646, '000000119', 'BB', '000', 'Bumbu A', '8', '9', '3', 1.00000, 1.00000, 1.00000, NULL, '2018-06-10 12:49:20', NULL),
	(647, '000000120', 'BB', '000', 'Micin', '4', '1', '1', 1.00000, 10.00000, 10.00000, 'Micin Kekinian Jaman Now', '2018-07-03 04:05:25', NULL),
	(648, '011000217', 'BJ', '011', 'Bandeng Presto', '4', '1', '1', 1.00000, 12.00000, 12.00000, NULL, '2018-07-03 04:12:09', NULL),
	(651, '011000218', 'BJ', '011', 'Milkita', '4', '1', '1', 1.00000, 20.00000, 20.00000, 'dua permen milkita sama dengan segelas susu', '2018-07-03 04:18:37', NULL);
/*!40000 ALTER TABLE `m_item` ENABLE KEYS */;

-- Dumping structure for table bisnis_tamma.m_paymentmethod
CREATE TABLE IF NOT EXISTS `m_paymentmethod` (
  `pm_id` tinyint(4) NOT NULL,
  `pm_year` varchar(50) DEFAULT NULL,
  `pm_name` varchar(50) DEFAULT NULL,
  `pm_coa_comp` varchar(10) NOT NULL,
  `pm_coa_year` varchar(4) NOT NULL,
  `pm_coa_code` varchar(9) NOT NULL,
  PRIMARY KEY (`pm_id`)
) ENGINE=InnoDB DEFAULT CHARSET=latin1;

-- Dumping data for table bisnis_tamma.m_paymentmethod: ~6 rows (approximately)
/*!40000 ALTER TABLE `m_paymentmethod` DISABLE KEYS */;
INSERT INTO `m_paymentmethod` (`pm_id`, `pm_year`, `pm_name`, `pm_coa_comp`, `pm_coa_year`, `pm_coa_code`) VALUES
	(1, '2018', 'TUNAI', 'RMZ-', '2018', '1010.....'),
	(2, NULL, 'BCA', '', '', ''),
	(3, NULL, 'MANDIRI', '', '', ''),
	(4, NULL, 'BNI', '', '', ''),
	(5, NULL, 'BRI', '', '', ''),
	(6, NULL, 'UTANG', '', '', '');
/*!40000 ALTER TABLE `m_paymentmethod` ENABLE KEYS */;

-- Dumping structure for table bisnis_tamma.m_price
CREATE TABLE IF NOT EXISTS `m_price` (
  `m_pid` int(11) NOT NULL AUTO_INCREMENT,
  `m_pitem` int(11) NOT NULL DEFAULT '0',
  `m_pbuy1` decimal(10,2) NOT NULL DEFAULT '0.00' COMMENT 'Harga Beli/Satuan Utama',
  `m_pbuy2` decimal(10,2) NOT NULL DEFAULT '0.00' COMMENT 'Harga Beli/Satuan2',
  `m_pbuy3` decimal(10,2) NOT NULL DEFAULT '0.00' COMMENT 'Harga Beli/Satuan3',
  `m_psell1` decimal(10,2) NOT NULL DEFAULT '0.00' COMMENT 'Harga Jual/Satuan Utama',
  `m_psell2` decimal(10,2) NOT NULL DEFAULT '0.00' COMMENT 'Harga Jual/Satuan2',
  `m_psell3` decimal(10,2) NOT NULL DEFAULT '0.00' COMMENT 'Harga Jual/Satuan3',
  `m_pcreated` timestamp NOT NULL DEFAULT CURRENT_TIMESTAMP,
  `m_pupdated` timestamp NULL DEFAULT NULL,
  PRIMARY KEY (`m_pid`)
) ENGINE=InnoDB AUTO_INCREMENT=646 DEFAULT CHARSET=latin1;

-- Dumping data for table bisnis_tamma.m_price: ~645 rows (approximately)
/*!40000 ALTER TABLE `m_price` DISABLE KEYS */;
INSERT INTO `m_price` (`m_pid`, `m_pitem`, `m_pbuy1`, `m_pbuy2`, `m_pbuy3`, `m_psell1`, `m_psell2`, `m_psell3`, `m_pcreated`, `m_pupdated`) VALUES
	(1, 1, 0.00, 0.00, 0.00, 0.00, 0.00, 0.00, '2018-06-05 02:58:18', NULL),
	(2, 2, 0.00, 0.00, 0.00, 0.00, 0.00, 0.00, '2018-06-05 02:58:18', NULL),
	(3, 3, 5888.00, 0.00, 0.00, 0.00, 0.00, 0.00, '2018-06-05 02:58:18', NULL),
	(4, 4, 11000.00, 0.00, 0.00, 0.00, 0.00, 0.00, '2018-06-05 02:58:18', NULL),
	(5, 5, 50.00, 0.00, 0.00, 0.00, 0.00, 0.00, '2018-06-05 02:58:18', NULL),
	(6, 6, 94500.00, 0.00, 0.00, 0.00, 0.00, 0.00, '2018-06-05 02:58:18', NULL),
	(7, 7, 210.52, 0.00, 0.00, 0.00, 0.00, 0.00, '2018-06-05 02:58:18', NULL),
	(8, 8, 6340.00, 0.00, 0.00, 0.00, 0.00, 0.00, '2018-06-05 02:58:18', NULL),
	(9, 9, 68000.00, 0.00, 0.00, 0.00, 0.00, 0.00, '2018-06-05 02:58:18', NULL),
	(10, 10, 1090.90, 0.00, 0.00, 0.00, 0.00, 0.00, '2018-06-05 02:58:18', NULL),
	(11, 11, 0.00, 0.00, 0.00, 0.00, 0.00, 0.00, '2018-06-05 02:58:18', NULL),
	(12, 12, 0.00, 0.00, 0.00, 0.00, 0.00, 0.00, '2018-06-05 02:58:18', NULL),
	(13, 13, 2000.00, 0.00, 0.00, 0.00, 0.00, 0.00, '2018-06-05 02:58:18', NULL),
	(14, 14, 0.00, 0.00, 0.00, 0.00, 0.00, 0.00, '2018-06-05 02:58:18', NULL),
	(15, 15, 0.00, 0.00, 0.00, 0.00, 0.00, 0.00, '2018-06-05 02:58:18', NULL),
	(16, 16, 0.00, 0.00, 0.00, 0.00, 0.00, 0.00, '2018-06-05 02:58:18', NULL),
	(17, 17, 0.00, 0.00, 0.00, 0.00, 0.00, 0.00, '2018-06-05 02:58:18', NULL),
	(18, 18, 34000.00, 0.00, 0.00, 0.00, 0.00, 0.00, '2018-06-05 02:58:18', NULL),
	(19, 19, 57000.00, 0.00, 0.00, 0.00, 0.00, 0.00, '2018-06-05 02:58:18', NULL),
	(20, 20, 1000.00, 0.00, 0.00, 0.00, 0.00, 0.00, '2018-06-05 02:58:18', NULL),
	(21, 21, 0.00, 0.00, 0.00, 0.00, 0.00, 0.00, '2018-06-05 02:58:18', NULL),
	(22, 22, 23000.00, 0.00, 0.00, 0.00, 0.00, 0.00, '2018-06-05 02:58:18', NULL),
	(23, 23, 6600.00, 0.00, 0.00, 0.00, 0.00, 0.00, '2018-06-05 02:58:18', NULL),
	(24, 24, 13666.66, 0.00, 0.00, 0.00, 0.00, 0.00, '2018-06-05 02:58:18', NULL),
	(25, 25, 9466.66, 0.00, 0.00, 0.00, 0.00, 0.00, '2018-06-05 02:58:18', NULL),
	(26, 26, 57000.00, 0.00, 0.00, 0.00, 0.00, 0.00, '2018-06-05 02:58:18', NULL),
	(27, 27, 4750.00, 0.00, 0.00, 0.00, 0.00, 0.00, '2018-06-05 02:58:18', NULL),
	(28, 28, 84400.00, 0.00, 0.00, 0.00, 0.00, 0.00, '2018-06-05 02:58:18', NULL),
	(29, 29, 6174.93, 0.00, 0.00, 26000.00, 0.00, 0.00, '2018-06-05 02:58:18', NULL),
	(30, 30, 33583.33, 0.00, 0.00, 0.00, 0.00, 0.00, '2018-06-05 02:58:18', NULL),
	(31, 31, 122000.00, 0.00, 0.00, 137000.00, 0.00, 0.00, '2018-06-05 02:58:18', NULL),
	(32, 32, 200000.00, 0.00, 0.00, 0.00, 0.00, 0.00, '2018-06-05 02:58:18', NULL),
	(33, 33, 5500.00, 0.00, 0.00, 0.00, 0.00, 0.00, '2018-06-05 02:58:18', NULL),
	(34, 34, 1345.83, 0.00, 0.00, 0.00, 0.00, 0.00, '2018-06-05 02:58:18', NULL),
	(35, 35, 103000.00, 0.00, 0.00, 0.00, 0.00, 0.00, '2018-06-05 02:58:18', NULL),
	(36, 36, 25000.00, 0.00, 0.00, 0.00, 0.00, 0.00, '2018-06-05 02:58:18', NULL),
	(37, 37, 16500.00, 0.00, 0.00, 0.00, 0.00, 0.00, '2018-06-05 02:58:18', '2018-06-28 09:54:18'),
	(38, 38, 10000.00, 0.00, 0.00, 0.00, 0.00, 0.00, '2018-06-05 02:58:18', NULL),
	(39, 39, 10833.33, 0.00, 0.00, 0.00, 0.00, 0.00, '2018-06-05 02:58:18', NULL),
	(40, 40, 30000.00, 0.00, 0.00, 0.00, 0.00, 0.00, '2018-06-05 02:58:18', NULL),
	(41, 41, 0.00, 0.00, 0.00, 0.00, 0.00, 0.00, '2018-06-05 02:58:18', NULL),
	(42, 42, 0.00, 0.00, 0.00, 0.00, 0.00, 0.00, '2018-06-05 02:58:18', NULL),
	(43, 43, 43000.00, 0.00, 0.00, 0.00, 0.00, 0.00, '2018-06-05 02:58:18', NULL),
	(44, 44, 0.00, 0.00, 0.00, 0.00, 0.00, 0.00, '2018-06-05 02:58:18', NULL),
	(45, 45, 4000.00, 0.00, 0.00, 0.00, 0.00, 0.00, '2018-06-05 02:58:18', NULL),
	(46, 46, 0.00, 0.00, 0.00, 0.00, 0.00, 0.00, '2018-06-05 02:58:18', NULL),
	(47, 47, 0.00, 0.00, 0.00, 0.00, 0.00, 0.00, '2018-06-05 02:58:18', NULL),
	(48, 48, 32615.38, 0.00, 0.00, 0.00, 0.00, 0.00, '2018-06-05 02:58:18', NULL),
	(49, 49, 10520.00, 0.00, 0.00, 0.00, 0.00, 0.00, '2018-06-05 02:58:18', NULL),
	(50, 50, 0.00, 0.00, 0.00, 0.00, 0.00, 0.00, '2018-06-05 02:58:18', NULL),
	(51, 51, 0.00, 0.00, 0.00, 0.00, 0.00, 0.00, '2018-06-05 02:58:18', NULL),
	(52, 52, 0.00, 0.00, 0.00, 0.00, 0.00, 0.00, '2018-06-05 02:58:18', NULL),
	(53, 53, 15500.00, 0.00, 0.00, 0.00, 0.00, 0.00, '2018-06-05 02:58:18', NULL),
	(54, 54, 11555.55, 0.00, 0.00, 0.00, 0.00, 0.00, '2018-06-05 02:58:18', NULL),
	(55, 55, 9400.00, 0.00, 0.00, 0.00, 0.00, 0.00, '2018-06-05 02:58:18', NULL),
	(56, 56, 80.00, 0.00, 0.00, 5750.00, 0.00, 0.00, '2018-06-05 02:58:18', NULL),
	(57, 57, 180.00, 0.00, 0.00, 160000.00, 0.00, 0.00, '2018-06-05 02:58:18', NULL),
	(58, 58, 120.00, 0.00, 0.00, 115000.00, 0.00, 0.00, '2018-06-05 02:58:18', NULL),
	(59, 59, 150.00, 0.00, 0.00, 130000.00, 0.00, 0.00, '2018-06-05 02:58:18', NULL),
	(60, 60, 170.00, 0.00, 0.00, 150000.00, 0.00, 0.00, '2018-06-05 02:58:18', NULL),
	(61, 61, 20000.00, 0.00, 0.00, 20000.00, 0.00, 0.00, '2018-06-05 02:58:18', NULL),
	(62, 62, 16000.00, 0.00, 0.00, 0.00, 0.00, 0.00, '2018-06-05 02:58:18', NULL),
	(63, 63, 120.00, 0.00, 0.00, 9500.00, 0.00, 0.00, '2018-06-05 02:58:18', NULL),
	(64, 64, 0.00, 0.00, 0.00, 0.00, 0.00, 0.00, '2018-06-05 02:58:18', NULL),
	(65, 65, 58000.00, 0.00, 0.00, 0.00, 0.00, 0.00, '2018-06-05 02:58:18', NULL),
	(66, 66, 24000.00, 0.00, 0.00, 0.00, 0.00, 0.00, '2018-06-05 02:58:18', NULL),
	(67, 67, 0.00, 0.00, 0.00, 0.00, 0.00, 0.00, '2018-06-05 02:58:18', NULL),
	(68, 68, 6520.00, 0.00, 0.00, 0.00, 0.00, 0.00, '2018-06-05 02:58:18', NULL),
	(69, 69, 35000.00, 0.00, 0.00, 0.00, 0.00, 0.00, '2018-06-05 02:58:18', NULL),
	(70, 70, 35000.00, 0.00, 0.00, 0.00, 0.00, 0.00, '2018-06-05 02:58:18', NULL),
	(71, 71, 36000.00, 0.00, 0.00, 0.00, 0.00, 0.00, '2018-06-05 02:58:18', NULL),
	(72, 72, 144000.00, 0.00, 0.00, 0.00, 0.00, 0.00, '2018-06-05 02:58:18', NULL),
	(73, 73, 120.00, 0.00, 0.00, 9000.00, 0.00, 0.00, '2018-06-05 02:58:18', NULL),
	(74, 74, 110.00, 0.00, 0.00, 8000.00, 0.00, 0.00, '2018-06-05 02:58:18', NULL),
	(75, 75, 100.00, 0.00, 0.00, 6500.00, 0.00, 0.00, '2018-06-05 02:58:18', NULL),
	(76, 76, 18000.00, 0.00, 0.00, 0.00, 0.00, 0.00, '2018-06-05 02:58:18', NULL),
	(77, 77, 180.00, 0.00, 0.00, 0.00, 0.00, 0.00, '2018-06-05 02:58:18', NULL),
	(78, 78, 21458.33, 0.00, 0.00, 0.00, 0.00, 0.00, '2018-06-05 02:58:18', NULL),
	(79, 79, 0.00, 0.00, 0.00, 98000.00, 0.00, 0.00, '2018-06-05 02:58:18', NULL),
	(80, 80, 0.00, 0.00, 0.00, 50000.00, 0.00, 0.00, '2018-06-05 02:58:18', NULL),
	(81, 81, 0.00, 0.00, 0.00, 28000.00, 0.00, 0.00, '2018-06-05 02:58:18', NULL),
	(82, 82, 0.00, 0.00, 0.00, 0.00, 0.00, 0.00, '2018-06-05 02:58:18', NULL),
	(83, 83, 0.00, 0.00, 0.00, 0.00, 0.00, 0.00, '2018-06-05 02:58:18', NULL),
	(84, 84, 0.00, 0.00, 0.00, 0.00, 0.00, 0.00, '2018-06-05 02:58:18', NULL),
	(85, 85, 45000.00, 0.00, 0.00, 0.00, 0.00, 0.00, '2018-06-05 02:58:18', NULL),
	(86, 86, 0.00, 0.00, 0.00, 0.00, 0.00, 0.00, '2018-06-05 02:58:18', NULL),
	(87, 87, 750.00, 0.00, 0.00, 0.00, 0.00, 0.00, '2018-06-05 02:58:18', NULL),
	(88, 88, 0.00, 0.00, 0.00, 0.00, 0.00, 0.00, '2018-06-05 02:58:18', NULL),
	(89, 89, 0.00, 0.00, 0.00, 0.00, 0.00, 0.00, '2018-06-05 02:58:18', NULL),
	(90, 90, 0.00, 0.00, 0.00, 0.00, 0.00, 0.00, '2018-06-05 02:58:18', NULL),
	(91, 91, 5000.00, 0.00, 0.00, 0.00, 0.00, 0.00, '2018-06-05 02:58:18', NULL),
	(92, 92, 11000.00, 0.00, 0.00, 0.00, 0.00, 0.00, '2018-06-05 02:58:18', NULL),
	(93, 93, 0.00, 0.00, 0.00, 0.00, 0.00, 0.00, '2018-06-05 02:58:18', NULL),
	(94, 94, 0.00, 0.00, 0.00, 0.00, 0.00, 0.00, '2018-06-05 02:58:18', NULL),
	(95, 95, 0.00, 0.00, 0.00, 0.00, 0.00, 0.00, '2018-06-05 02:58:18', NULL),
	(96, 96, 0.00, 0.00, 0.00, 0.00, 0.00, 0.00, '2018-06-05 02:58:18', NULL),
	(97, 97, 0.00, 0.00, 0.00, 0.00, 0.00, 0.00, '2018-06-05 02:58:18', NULL),
	(98, 98, 0.00, 0.00, 0.00, 0.00, 0.00, 0.00, '2018-06-05 02:58:18', NULL),
	(99, 99, 0.00, 0.00, 0.00, 0.00, 0.00, 0.00, '2018-06-05 02:58:18', NULL),
	(100, 100, 36750.00, 0.00, 0.00, 0.00, 0.00, 0.00, '2018-06-05 02:58:18', NULL),
	(101, 101, 0.00, 0.00, 0.00, 0.00, 0.00, 0.00, '2018-06-05 02:58:18', NULL),
	(102, 102, 0.00, 0.00, 0.00, 0.00, 0.00, 0.00, '2018-06-05 02:58:18', NULL),
	(103, 103, 0.00, 0.00, 0.00, 0.00, 0.00, 0.00, '2018-06-05 02:58:18', NULL),
	(104, 104, 0.00, 0.00, 0.00, 0.00, 0.00, 0.00, '2018-06-05 02:58:18', NULL),
	(105, 105, 45000.00, 0.00, 0.00, 0.00, 0.00, 0.00, '2018-06-05 02:58:18', NULL),
	(106, 106, 42500.00, 0.00, 0.00, 0.00, 0.00, 0.00, '2018-06-05 02:58:18', NULL),
	(107, 107, 0.00, 0.00, 0.00, 0.00, 0.00, 0.00, '2018-06-05 02:58:18', NULL),
	(108, 108, 0.00, 0.00, 0.00, 0.00, 0.00, 0.00, '2018-06-05 02:58:18', NULL),
	(109, 109, 35000.00, 0.00, 0.00, 0.00, 0.00, 0.00, '2018-06-05 02:58:18', NULL),
	(110, 110, 0.00, 0.00, 0.00, 0.00, 0.00, 0.00, '2018-06-05 02:58:18', NULL),
	(111, 111, 0.00, 0.00, 0.00, 0.00, 0.00, 0.00, '2018-06-05 02:58:18', NULL),
	(112, 112, 19800.00, 0.00, 0.00, 0.00, 0.00, 0.00, '2018-06-05 02:58:18', NULL),
	(113, 113, 0.00, 0.00, 0.00, 0.00, 0.00, 0.00, '2018-06-05 02:58:18', NULL),
	(114, 114, 0.00, 0.00, 0.00, 0.00, 0.00, 0.00, '2018-06-05 02:58:18', NULL),
	(115, 115, 0.00, 0.00, 0.00, 0.00, 0.00, 0.00, '2018-06-05 02:58:18', NULL),
	(116, 116, 39000.00, 0.00, 0.00, 0.00, 0.00, 0.00, '2018-06-05 02:58:18', NULL),
	(117, 117, 0.00, 0.00, 0.00, 0.00, 0.00, 0.00, '2018-06-05 02:58:18', NULL),
	(118, 118, 24066.66, 0.00, 0.00, 0.00, 0.00, 0.00, '2018-06-05 02:58:18', NULL),
	(119, 119, 0.00, 0.00, 0.00, 0.00, 0.00, 0.00, '2018-06-05 02:58:18', NULL),
	(120, 120, 0.00, 0.00, 0.00, 0.00, 0.00, 0.00, '2018-06-05 02:58:18', NULL),
	(121, 121, 1345.83, 0.00, 0.00, 0.00, 0.00, 0.00, '2018-06-05 02:58:18', NULL),
	(122, 122, 0.00, 0.00, 0.00, 0.00, 0.00, 0.00, '2018-06-05 02:58:18', NULL),
	(123, 123, 0.00, 0.00, 0.00, 0.00, 0.00, 0.00, '2018-06-05 02:58:18', NULL),
	(124, 124, 0.00, 0.00, 0.00, 0.00, 0.00, 0.00, '2018-06-05 02:58:18', NULL),
	(125, 125, 20000.00, 0.00, 0.00, 0.00, 0.00, 0.00, '2018-06-05 02:58:18', NULL),
	(126, 126, 20000.00, 0.00, 0.00, 285000.00, 0.00, 0.00, '2018-06-05 02:58:18', NULL),
	(127, 127, 0.00, 0.00, 0.00, 825000.00, 0.00, 0.00, '2018-06-05 02:58:18', NULL),
	(128, 128, 1345.83, 0.00, 0.00, 17000.00, 0.00, 0.00, '2018-06-05 02:58:18', NULL),
	(129, 129, 0.00, 0.00, 0.00, 825000.00, 0.00, 0.00, '2018-06-05 02:58:18', NULL),
	(130, 130, 0.00, 0.00, 0.00, 0.00, 0.00, 0.00, '2018-06-05 02:58:18', NULL),
	(131, 131, 0.00, 0.00, 0.00, 25000.00, 0.00, 0.00, '2018-06-05 02:58:18', NULL),
	(132, 132, 350.00, 0.00, 0.00, 218000.00, 0.00, 0.00, '2018-06-05 02:58:18', NULL),
	(133, 133, 1345.83, 0.00, 0.00, 17000.00, 0.00, 0.00, '2018-06-05 02:58:18', NULL),
	(134, 134, 1345.00, 0.00, 0.00, 17000.00, 0.00, 0.00, '2018-06-05 02:58:18', NULL),
	(135, 135, 1345.83, 0.00, 0.00, 17000.00, 0.00, 0.00, '2018-06-05 02:58:18', NULL),
	(136, 136, 1345.83, 0.00, 0.00, 17000.00, 0.00, 0.00, '2018-06-05 02:58:18', NULL),
	(137, 137, 0.00, 0.00, 0.00, 0.00, 0.00, 0.00, '2018-06-05 02:58:18', NULL),
	(138, 138, 0.00, 0.00, 0.00, 0.00, 0.00, 0.00, '2018-06-05 02:58:18', NULL),
	(139, 139, 65500.00, 0.00, 0.00, 109000.00, 0.00, 0.00, '2018-06-05 02:58:18', NULL),
	(140, 140, 24499.00, 0.00, 0.00, 18300.00, 0.00, 0.00, '2018-06-05 02:58:18', NULL),
	(141, 141, 0.00, 0.00, 0.00, 700000.00, 0.00, 0.00, '2018-06-05 02:58:18', NULL),
	(142, 142, 12000.00, 0.00, 0.00, 12350.00, 0.00, 0.00, '2018-06-05 02:58:18', NULL),
	(143, 143, 1354.33, 0.00, 0.00, 0.00, 0.00, 0.00, '2018-06-05 02:58:18', NULL),
	(144, 144, 0.00, 0.00, 0.00, 0.00, 0.00, 0.00, '2018-06-05 02:58:18', NULL),
	(145, 145, 0.00, 0.00, 0.00, 0.00, 0.00, 0.00, '2018-06-05 02:58:18', NULL),
	(146, 146, 0.00, 0.00, 0.00, 0.00, 0.00, 0.00, '2018-06-05 02:58:18', NULL),
	(147, 147, 0.00, 0.00, 0.00, 0.00, 0.00, 0.00, '2018-06-05 02:58:18', NULL),
	(148, 148, 0.00, 0.00, 0.00, 0.00, 0.00, 0.00, '2018-06-05 02:58:18', NULL),
	(149, 149, 380.00, 0.00, 0.00, 0.00, 0.00, 0.00, '2018-06-05 02:58:18', NULL),
	(150, 150, 360.00, 0.00, 0.00, 0.00, 0.00, 0.00, '2018-06-05 02:58:18', NULL),
	(151, 151, 3000.00, 0.00, 0.00, 0.00, 0.00, 0.00, '2018-06-05 02:58:18', NULL),
	(152, 152, 0.00, 0.00, 0.00, 0.00, 0.00, 0.00, '2018-06-05 02:58:18', NULL),
	(153, 153, 4400.00, 0.00, 0.00, 0.00, 0.00, 0.00, '2018-06-05 02:58:18', NULL),
	(154, 154, 60.00, 0.00, 0.00, 0.00, 0.00, 0.00, '2018-06-05 02:58:18', NULL),
	(155, 155, 35.00, 0.00, 0.00, 0.00, 0.00, 0.00, '2018-06-05 02:58:18', NULL),
	(156, 156, 25.00, 0.00, 0.00, 0.00, 0.00, 0.00, '2018-06-05 02:58:18', NULL),
	(157, 157, 0.00, 0.00, 0.00, 0.00, 0.00, 0.00, '2018-06-05 02:58:18', NULL),
	(158, 158, 6000.00, 0.00, 0.00, 0.00, 0.00, 0.00, '2018-06-05 02:58:18', NULL),
	(159, 159, 230.00, 0.00, 0.00, 0.00, 0.00, 0.00, '2018-06-05 02:58:18', NULL),
	(160, 160, 0.00, 0.00, 0.00, 12000.00, 13000.00, 0.00, '2018-06-05 02:58:18', '2018-06-29 03:47:12'),
	(161, 161, 0.00, 0.00, 0.00, 1000.00, 0.00, 0.00, '2018-06-05 02:58:18', NULL),
	(162, 162, 12941.52, 0.00, 0.00, 0.00, 0.00, 0.00, '2018-06-05 02:58:18', '2018-06-27 23:05:54'),
	(163, 163, 32500.00, 0.00, 0.00, 0.00, 0.00, 0.00, '2018-06-05 02:58:18', '2018-06-27 23:27:11'),
	(164, 164, 16000.00, 0.00, 0.00, 10000.00, 10000.00, 0.00, '2018-06-05 02:58:18', NULL),
	(165, 165, 10000.00, 0.00, 0.00, 10000.00, 10000.00, 0.00, '2018-06-05 02:58:18', NULL),
	(166, 166, 5000.00, 0.00, 0.00, 5000.00, 0.00, 0.00, '2018-06-05 02:58:18', NULL),
	(167, 167, 10000.00, 10000.00, 0.00, 10000.00, 10000.00, 0.00, '2018-06-05 02:58:18', NULL),
	(168, 168, 10000.00, 0.00, 0.00, 10000.00, 10000.00, 0.00, '2018-06-05 02:58:18', NULL),
	(169, 169, 3849.49, 0.00, 0.00, 10000.00, 10000.00, 0.00, '2018-06-05 02:58:18', NULL),
	(170, 170, 10000.00, 0.00, 0.00, 10000.00, 10000.00, 0.00, '2018-06-05 02:58:18', NULL),
	(171, 171, 0.00, 0.00, 0.00, 0.00, 0.00, 0.00, '2018-06-05 02:58:18', NULL),
	(172, 172, 0.00, 0.00, 0.00, 0.00, 0.00, 0.00, '2018-06-05 02:58:18', NULL),
	(173, 173, 0.00, 0.00, 0.00, 0.00, 0.00, 0.00, '2018-06-05 02:58:18', NULL),
	(174, 174, 0.00, 0.00, 0.00, 0.00, 0.00, 0.00, '2018-06-05 02:58:18', NULL),
	(175, 175, 0.00, 0.00, 0.00, 0.00, 0.00, 0.00, '2018-06-05 02:58:18', NULL),
	(176, 176, 0.00, 0.00, 0.00, 0.00, 0.00, 0.00, '2018-06-05 02:58:18', NULL),
	(177, 177, 0.00, 0.00, 0.00, 0.00, 0.00, 0.00, '2018-06-05 02:58:18', NULL),
	(178, 178, 0.00, 0.00, 0.00, 0.00, 0.00, 0.00, '2018-06-05 02:58:18', NULL),
	(179, 179, 0.00, 0.00, 0.00, 0.00, 0.00, 0.00, '2018-06-05 02:58:18', NULL),
	(180, 180, 0.00, 0.00, 0.00, 0.00, 0.00, 0.00, '2018-06-05 02:58:18', NULL),
	(181, 181, 0.00, 0.00, 0.00, 0.00, 0.00, 0.00, '2018-06-05 02:58:18', NULL),
	(182, 182, 0.00, 0.00, 0.00, 0.00, 0.00, 0.00, '2018-06-05 02:58:18', NULL),
	(183, 183, 19000.00, 0.00, 0.00, 20000.00, 20000.00, 0.00, '2018-06-05 02:58:18', NULL),
	(184, 184, 18000.00, 0.00, 0.00, 0.00, 0.00, 0.00, '2018-06-05 02:58:18', NULL),
	(185, 185, 17000.00, 0.00, 0.00, 0.00, 0.00, 0.00, '2018-06-05 02:58:18', NULL),
	(186, 186, 28000.00, 0.00, 0.00, 35000.00, 0.00, 0.00, '2018-06-05 02:58:18', NULL),
	(187, 187, 115000.00, 0.00, 0.00, 130000.00, 0.00, 0.00, '2018-06-05 02:58:18', NULL),
	(188, 188, 68400.00, 0.00, 0.00, 0.00, 0.00, 0.00, '2018-06-05 02:58:18', NULL),
	(189, 189, 190000.00, 0.00, 0.00, 0.00, 0.00, 0.00, '2018-06-05 02:58:18', NULL),
	(190, 190, 65000.00, 0.00, 0.00, 0.00, 0.00, 0.00, '2018-06-05 02:58:18', NULL),
	(191, 191, 35000.00, 0.00, 0.00, 0.00, 0.00, 0.00, '2018-06-05 02:58:18', NULL),
	(192, 192, 18055.55, 0.00, 0.00, 0.00, 0.00, 0.00, '2018-06-05 02:58:18', NULL),
	(193, 193, 0.00, 0.00, 0.00, 0.00, 0.00, 0.00, '2018-06-05 02:58:18', NULL),
	(194, 194, 0.00, 0.00, 0.00, 0.00, 0.00, 0.00, '2018-06-05 02:58:18', NULL),
	(195, 195, 5000.00, 0.00, 0.00, 5000.00, 0.00, 0.00, '2018-06-05 02:58:18', NULL),
	(196, 196, 0.00, 0.00, 0.00, 0.00, 0.00, 0.00, '2018-06-05 02:58:18', NULL),
	(197, 197, 15600.00, 0.00, 0.00, 0.00, 0.00, 0.00, '2018-06-05 02:58:18', NULL),
	(198, 198, 0.00, 0.00, 0.00, 0.00, 0.00, 0.00, '2018-06-05 02:58:18', NULL),
	(199, 199, 0.00, 0.00, 0.00, 0.00, 0.00, 0.00, '2018-06-05 02:58:18', NULL),
	(200, 200, 0.00, 0.00, 0.00, 0.00, 0.00, 0.00, '2018-06-05 02:58:18', NULL),
	(201, 201, 0.00, 0.00, 0.00, 0.00, 0.00, 0.00, '2018-06-05 02:58:18', NULL),
	(202, 202, 0.00, 0.00, 0.00, 0.00, 0.00, 0.00, '2018-06-05 02:58:18', NULL),
	(203, 203, 0.00, 0.00, 0.00, 0.00, 0.00, 0.00, '2018-06-05 02:58:18', NULL),
	(204, 204, 0.00, 0.00, 0.00, 0.00, 0.00, 0.00, '2018-06-05 02:58:18', NULL),
	(205, 205, 0.00, 0.00, 0.00, 0.00, 0.00, 0.00, '2018-06-05 02:58:18', NULL),
	(206, 206, 0.00, 0.00, 0.00, 0.00, 0.00, 0.00, '2018-06-05 02:58:18', NULL),
	(207, 207, 0.00, 0.00, 0.00, 0.00, 0.00, 0.00, '2018-06-05 02:58:18', NULL),
	(208, 208, 0.00, 0.00, 0.00, 0.00, 0.00, 0.00, '2018-06-05 02:58:18', NULL),
	(209, 209, 0.00, 0.00, 0.00, 0.00, 0.00, 0.00, '2018-06-05 02:58:18', NULL),
	(210, 210, 3500.00, 0.00, 0.00, 0.00, 0.00, 0.00, '2018-06-05 02:58:18', NULL),
	(211, 211, 0.00, 0.00, 0.00, 0.00, 0.00, 0.00, '2018-06-05 02:58:18', NULL),
	(212, 212, 0.00, 0.00, 0.00, 0.00, 0.00, 0.00, '2018-06-05 02:58:18', NULL),
	(213, 213, 0.00, 0.00, 0.00, 0.00, 0.00, 0.00, '2018-06-05 02:58:18', NULL),
	(214, 214, 10000.00, 0.00, 0.00, 10000.00, 0.00, 0.00, '2018-06-05 02:58:18', NULL),
	(215, 215, 0.00, 0.00, 0.00, 0.00, 0.00, 0.00, '2018-06-05 02:58:18', NULL),
	(216, 216, 0.00, 0.00, 0.00, 0.00, 0.00, 0.00, '2018-06-05 02:58:18', NULL),
	(217, 217, 1345.83, 0.00, 0.00, 0.00, 0.00, 0.00, '2018-06-05 02:58:18', NULL),
	(218, 218, 0.00, 0.00, 0.00, 3500.00, 0.00, 0.00, '2018-06-05 02:58:18', NULL),
	(219, 219, 0.00, 0.00, 0.00, 3500.00, 0.00, 0.00, '2018-06-05 02:58:18', NULL),
	(220, 220, 0.00, 0.00, 0.00, 3500.00, 0.00, 0.00, '2018-06-05 02:58:18', NULL),
	(221, 221, 0.00, 0.00, 0.00, 3500.00, 0.00, 0.00, '2018-06-05 02:58:18', NULL),
	(222, 222, 0.00, 0.00, 0.00, 0.00, 0.00, 0.00, '2018-06-05 02:58:18', NULL),
	(223, 223, 0.00, 0.00, 0.00, 0.00, 0.00, 0.00, '2018-06-05 02:58:18', NULL),
	(224, 224, 0.00, 0.00, 0.00, 0.00, 0.00, 0.00, '2018-06-05 02:58:18', NULL),
	(225, 225, 0.00, 0.00, 0.00, 0.00, 0.00, 0.00, '2018-06-05 02:58:18', NULL),
	(226, 226, 0.00, 0.00, 0.00, 0.00, 0.00, 0.00, '2018-06-05 02:58:18', NULL),
	(227, 227, 0.00, 0.00, 0.00, 0.00, 0.00, 0.00, '2018-06-05 02:58:18', NULL),
	(228, 228, 0.00, 0.00, 0.00, 0.00, 0.00, 0.00, '2018-06-05 02:58:18', NULL),
	(229, 229, 0.00, 0.00, 0.00, 0.00, 0.00, 0.00, '2018-06-05 02:58:18', NULL),
	(230, 230, 0.00, 0.00, 0.00, 0.00, 0.00, 0.00, '2018-06-05 02:58:18', NULL),
	(231, 231, 0.00, 0.00, 0.00, 0.00, 0.00, 0.00, '2018-06-05 02:58:18', NULL),
	(232, 232, 0.00, 0.00, 0.00, 0.00, 0.00, 0.00, '2018-06-05 02:58:18', NULL),
	(233, 234, 26500.00, 0.00, 0.00, 0.00, 0.00, 0.00, '2018-06-05 02:58:18', NULL),
	(234, 235, 102000.00, 0.00, 0.00, 0.00, 0.00, 0.00, '2018-06-05 02:58:18', NULL),
	(235, 236, 0.00, 0.00, 0.00, 0.00, 0.00, 0.00, '2018-06-05 02:58:18', NULL),
	(236, 237, 30000.00, 0.00, 0.00, 0.00, 0.00, 0.00, '2018-06-05 02:58:18', NULL),
	(237, 238, 6000.00, 0.00, 0.00, 0.00, 0.00, 0.00, '2018-06-05 02:58:18', NULL),
	(238, 239, 0.00, 0.00, 0.00, 0.00, 0.00, 0.00, '2018-06-05 02:58:18', NULL),
	(239, 240, 12003.75, 0.00, 0.00, 0.00, 0.00, 0.00, '2018-06-05 02:58:18', NULL),
	(240, 241, 23000.00, 0.00, 0.00, 0.00, 0.00, 0.00, '2018-06-05 02:58:18', NULL),
	(241, 242, 10000.00, 0.00, 0.00, 0.00, 0.00, 0.00, '2018-06-05 02:58:18', NULL),
	(242, 243, 10900.00, 0.00, 0.00, 0.00, 0.00, 0.00, '2018-06-05 02:58:18', NULL),
	(243, 244, 16800.00, 0.00, 0.00, 0.00, 0.00, 0.00, '2018-06-05 02:58:18', NULL),
	(244, 245, 14440.00, 0.00, 0.00, 0.00, 0.00, 0.00, '2018-06-05 02:58:18', NULL),
	(245, 246, 12825.00, 0.00, 0.00, 0.00, 0.00, 0.00, '2018-06-05 02:58:18', NULL),
	(246, 247, 22600.00, 0.00, 0.00, 0.00, 0.00, 0.00, '2018-06-05 02:58:18', NULL),
	(247, 248, 85000.00, 0.00, 0.00, 0.00, 0.00, 0.00, '2018-06-05 02:58:18', NULL),
	(248, 249, 8000.00, 0.00, 0.00, 0.00, 0.00, 0.00, '2018-06-05 02:58:18', NULL),
	(249, 250, 10000.00, 0.00, 0.00, 0.00, 0.00, 0.00, '2018-06-05 02:58:18', NULL),
	(250, 251, 98300.00, 0.00, 0.00, 0.00, 0.00, 0.00, '2018-06-05 02:58:18', NULL),
	(251, 252, 9400.00, 0.00, 0.00, 0.00, 0.00, 0.00, '2018-06-05 02:58:18', NULL),
	(252, 253, 7000.00, 0.00, 0.00, 0.00, 0.00, 0.00, '2018-06-05 02:58:18', NULL),
	(253, 254, 39695.00, 0.00, 0.00, 0.00, 0.00, 0.00, '2018-06-05 02:58:18', NULL),
	(254, 255, 15000.00, 0.00, 0.00, 0.00, 0.00, 0.00, '2018-06-05 02:58:18', NULL),
	(255, 256, 225000.00, 0.00, 0.00, 0.00, 0.00, 0.00, '2018-06-05 02:58:18', NULL),
	(256, 257, 11800.00, 0.00, 0.00, 0.00, 0.00, 0.00, '2018-06-05 02:58:18', NULL),
	(257, 258, 69400.00, 0.00, 0.00, 0.00, 0.00, 0.00, '2018-06-05 02:58:18', NULL),
	(258, 259, 4900.00, 0.00, 0.00, 0.00, 0.00, 0.00, '2018-06-05 02:58:18', NULL),
	(259, 260, 22600.00, 0.00, 0.00, 0.00, 0.00, 0.00, '2018-06-05 02:58:18', NULL),
	(260, 261, 2040.00, 0.00, 0.00, 0.00, 0.00, 0.00, '2018-06-05 02:58:18', NULL),
	(261, 262, 2040.00, 0.00, 0.00, 0.00, 0.00, 0.00, '2018-06-05 02:58:18', NULL),
	(262, 263, 0.00, 0.00, 0.00, 49000.00, 0.00, 0.00, '2018-06-05 02:58:18', NULL),
	(263, 264, 10500.00, 0.00, 0.00, 0.00, 0.00, 0.00, '2018-06-05 02:58:18', NULL),
	(264, 265, 0.00, 0.00, 0.00, 10000.00, 0.00, 0.00, '2018-06-05 02:58:18', NULL),
	(265, 266, 0.00, 0.00, 0.00, 43000.00, 0.00, 0.00, '2018-06-05 02:58:18', NULL),
	(266, 267, 0.00, 0.00, 0.00, 0.00, 0.00, 0.00, '2018-06-05 02:58:18', NULL),
	(267, 268, 17500.00, 0.00, 0.00, 23500.00, 0.00, 0.00, '2018-06-05 02:58:18', NULL),
	(268, 269, 525000.00, 0.00, 0.00, 4167.00, 0.00, 0.00, '2018-06-05 02:58:18', NULL),
	(269, 270, 2000.00, 0.00, 0.00, 0.00, 0.00, 0.00, '2018-06-05 02:58:18', NULL),
	(270, 271, 5000.00, 0.00, 0.00, 0.00, 0.00, 0.00, '2018-06-05 02:58:18', NULL),
	(271, 272, 0.00, 0.00, 0.00, 0.00, 0.00, 0.00, '2018-06-05 02:58:18', NULL),
	(272, 273, 200.00, 0.00, 0.00, 0.00, 0.00, 0.00, '2018-06-05 02:58:18', NULL),
	(273, 274, 0.00, 0.00, 0.00, 0.00, 0.00, 0.00, '2018-06-05 02:58:18', NULL),
	(274, 275, 14000.00, 0.00, 0.00, 0.00, 0.00, 0.00, '2018-06-05 02:58:18', NULL),
	(275, 276, 8000.00, 0.00, 0.00, 0.00, 0.00, 0.00, '2018-06-05 02:58:18', NULL),
	(276, 277, 0.00, 0.00, 0.00, 45000.00, 0.00, 0.00, '2018-06-05 02:58:18', NULL),
	(277, 278, 52500.00, 0.00, 0.00, 0.00, 0.00, 0.00, '2018-06-05 02:58:18', NULL),
	(278, 279, 14000.00, 0.00, 0.00, 10000.00, 0.00, 0.00, '2018-06-05 02:58:18', NULL),
	(279, 280, 100000.00, 0.00, 0.00, 0.00, 0.00, 0.00, '2018-06-05 02:58:18', NULL),
	(280, 281, 16000.00, 0.00, 0.00, 0.00, 0.00, 0.00, '2018-06-05 02:58:18', NULL),
	(281, 282, 0.00, 0.00, 0.00, 2000.00, 0.00, 0.00, '2018-06-05 02:58:18', NULL),
	(282, 283, 0.00, 0.00, 0.00, 3200.00, 0.00, 0.00, '2018-06-05 02:58:18', NULL),
	(283, 284, 2000.00, 0.00, 0.00, 2000.00, 0.00, 0.00, '2018-06-05 02:58:18', NULL),
	(284, 285, 1268.00, 0.00, 0.00, 2500.00, 0.00, 0.00, '2018-06-05 02:58:18', NULL),
	(285, 286, 0.00, 0.00, 0.00, 1400.00, 0.00, 0.00, '2018-06-05 02:58:18', NULL),
	(286, 287, 1932.00, 0.00, 0.00, 5000.00, 0.00, 0.00, '2018-06-05 02:58:18', NULL),
	(287, 288, 0.00, 0.00, 0.00, 13000.00, 0.00, 0.00, '2018-06-05 02:58:18', NULL),
	(288, 289, 0.00, 0.00, 0.00, 10000.00, 0.00, 0.00, '2018-06-05 02:58:18', NULL),
	(289, 290, 0.00, 0.00, 0.00, 25000.00, 0.00, 0.00, '2018-06-05 02:58:18', NULL),
	(290, 291, 0.00, 0.00, 0.00, 4000.00, 0.00, 0.00, '2018-06-05 02:58:18', NULL),
	(291, 292, 0.00, 0.00, 0.00, 16000.00, 0.00, 0.00, '2018-06-05 02:58:18', NULL),
	(292, 293, 4791.00, 0.00, 0.00, 10000.00, 0.00, 0.00, '2018-06-05 02:58:18', NULL),
	(293, 294, 0.00, 0.00, 0.00, 10500.00, 0.00, 0.00, '2018-06-05 02:58:18', NULL),
	(294, 295, 0.00, 0.00, 0.00, 12500.00, 0.00, 0.00, '2018-06-05 02:58:18', NULL),
	(295, 296, 0.00, 0.00, 0.00, 23000.00, 0.00, 0.00, '2018-06-05 02:58:18', NULL),
	(296, 297, 10000.00, 0.00, 0.00, 17000.00, 0.00, 0.00, '2018-06-05 02:58:18', NULL),
	(297, 298, 10000.00, 0.00, 0.00, 15000.00, 0.00, 0.00, '2018-06-05 02:58:18', NULL),
	(298, 299, 15165.49, 0.00, 0.00, 30000.00, 0.00, 0.00, '2018-06-05 02:58:18', NULL),
	(299, 300, 10000.00, 0.00, 0.00, 19000.00, 0.00, 0.00, '2018-06-05 02:58:18', NULL),
	(300, 301, 633079.00, 0.00, 0.00, 21000.00, 0.00, 0.00, '2018-06-05 02:58:18', NULL),
	(301, 302, 20000.00, 0.00, 0.00, 25000.00, 0.00, 0.00, '2018-06-05 02:58:18', NULL),
	(302, 303, 7708.05, 0.00, 0.00, 23000.00, 0.00, 0.00, '2018-06-05 02:58:18', NULL),
	(303, 304, 5076.00, 0.00, 0.00, 21000.00, 0.00, 0.00, '2018-06-05 02:58:18', NULL),
	(304, 305, 0.00, 0.00, 0.00, 18000.00, 0.00, 0.00, '2018-06-05 02:58:18', NULL),
	(305, 306, 10000.00, 0.00, 0.00, 10000.00, 0.00, 0.00, '2018-06-05 02:58:18', NULL),
	(306, 307, 10000.00, 0.00, 0.00, 10000.00, 0.00, 0.00, '2018-06-05 02:58:18', NULL),
	(307, 308, 10000.00, 0.00, 0.00, 18600.00, 0.00, 0.00, '2018-06-05 02:58:18', NULL),
	(308, 309, 10000.00, 0.00, 0.00, 12500.00, 0.00, 0.00, '2018-06-05 02:58:18', NULL),
	(309, 310, 10000.00, 0.00, 0.00, 10000.00, 0.00, 0.00, '2018-06-05 02:58:18', NULL),
	(310, 311, 15643.33, 0.00, 0.00, 27000.00, 0.00, 0.00, '2018-06-05 02:58:18', NULL),
	(311, 312, 8508.00, 0.00, 0.00, 24000.00, 0.00, 0.00, '2018-06-05 02:58:18', NULL),
	(312, 313, 10000.00, 0.00, 0.00, 22000.00, 0.00, 0.00, '2018-06-05 02:58:18', NULL),
	(313, 314, 10000.00, 0.00, 0.00, 31000.00, 0.00, 0.00, '2018-06-05 02:58:18', NULL),
	(314, 315, 10000.00, 0.00, 0.00, 25000.00, 0.00, 0.00, '2018-06-05 02:58:18', NULL),
	(315, 316, 10000.00, 0.00, 0.00, 23000.00, 0.00, 0.00, '2018-06-05 02:58:18', NULL),
	(316, 317, 10000.00, 0.00, 0.00, 21000.00, 0.00, 0.00, '2018-06-05 02:58:18', NULL),
	(317, 318, 10000.00, 0.00, 0.00, 18000.00, 0.00, 0.00, '2018-06-05 02:58:18', NULL),
	(318, 319, 10000.00, 0.00, 0.00, 10000.00, 0.00, 0.00, '2018-06-05 02:58:18', NULL),
	(319, 320, 10000.00, 0.00, 0.00, 10000.00, 0.00, 0.00, '2018-06-05 02:58:18', NULL),
	(320, 321, 10000.00, 0.00, 0.00, 10000.00, 0.00, 0.00, '2018-06-05 02:58:18', NULL),
	(321, 322, 10000.00, 0.00, 0.00, 10000.00, 0.00, 0.00, '2018-06-05 02:58:18', NULL),
	(322, 323, 10000.00, 0.00, 0.00, 21000.00, 0.00, 0.00, '2018-06-05 02:58:18', NULL),
	(323, 324, 11376.49, 0.00, 0.00, 24000.00, 0.00, 0.00, '2018-06-05 02:58:18', NULL),
	(324, 325, 22187.62, 0.00, 0.00, 21000.00, 0.00, 0.00, '2018-06-05 02:58:18', NULL),
	(325, 326, 17535.00, 0.00, 0.00, 19000.00, 0.00, 0.00, '2018-06-05 02:58:18', NULL),
	(326, 327, 6012.00, 0.00, 0.00, 15000.00, 0.00, 0.00, '2018-06-05 02:58:18', NULL),
	(327, 328, 25000.00, 0.00, 0.00, 17000.00, 0.00, 0.00, '2018-06-05 02:58:18', NULL),
	(328, 329, 0.00, 0.00, 0.00, 0.00, 0.00, 0.00, '2018-06-05 02:58:18', NULL),
	(329, 330, 0.00, 0.00, 0.00, 0.00, 0.00, 0.00, '2018-06-05 02:58:18', NULL),
	(330, 331, 32000.00, 0.00, 0.00, 25000.00, 0.00, 0.00, '2018-06-05 02:58:18', NULL),
	(331, 332, 0.00, 0.00, 0.00, 19000.00, 0.00, 0.00, '2018-06-05 02:58:18', NULL),
	(332, 333, 19000.00, 0.00, 0.00, 21000.00, 0.00, 0.00, '2018-06-05 02:58:18', NULL),
	(333, 334, 0.00, 0.00, 0.00, 26000.00, 0.00, 0.00, '2018-06-05 02:58:18', NULL),
	(334, 335, 11167.00, 0.00, 0.00, 26000.00, 0.00, 0.00, '2018-06-05 02:58:18', NULL),
	(335, 336, 0.00, 0.00, 0.00, 19000.00, 0.00, 0.00, '2018-06-05 02:58:18', NULL),
	(336, 337, 11264.23, 0.00, 0.00, 25000.00, 0.00, 0.00, '2018-06-05 02:58:18', NULL),
	(337, 338, 21000.00, 0.00, 0.00, 23000.00, 0.00, 0.00, '2018-06-05 02:58:18', NULL),
	(338, 339, 23000.00, 0.00, 0.00, 25000.00, 0.00, 0.00, '2018-06-05 02:58:18', NULL),
	(339, 340, 21000.00, 0.00, 0.00, 23000.00, 0.00, 0.00, '2018-06-05 02:58:18', NULL),
	(340, 341, 9437.50, 0.00, 0.00, 21000.00, 0.00, 0.00, '2018-06-05 02:58:18', NULL),
	(341, 342, 0.00, 0.00, 0.00, 19000.00, 0.00, 0.00, '2018-06-05 02:58:18', NULL),
	(342, 343, 9856.00, 0.00, 0.00, 23000.00, 0.00, 0.00, '2018-06-05 02:58:18', NULL),
	(343, 344, 7496.00, 0.00, 0.00, 21000.00, 0.00, 0.00, '2018-06-05 02:58:18', NULL),
	(344, 345, 0.00, 0.00, 0.00, 19000.00, 0.00, 0.00, '2018-06-05 02:58:18', NULL),
	(345, 346, 12941.17, 0.00, 0.00, 21000.00, 0.00, 0.00, '2018-06-05 02:58:18', NULL),
	(346, 347, 12096.00, 0.00, 0.00, 25000.00, 0.00, 0.00, '2018-06-05 02:58:18', NULL),
	(347, 348, 6876.71, 0.00, 0.00, 19000.00, 0.00, 0.00, '2018-06-05 02:58:18', NULL),
	(348, 349, 16965.00, 0.00, 0.00, 21000.00, 0.00, 0.00, '2018-06-05 02:58:18', NULL),
	(349, 350, 16965.00, 0.00, 0.00, 24000.00, 0.00, 0.00, '2018-06-05 02:58:18', NULL),
	(350, 351, 0.00, 0.00, 0.00, 19000.00, 0.00, 0.00, '2018-06-05 02:58:18', NULL),
	(351, 352, 19000.00, 0.00, 0.00, 22000.00, 0.00, 0.00, '2018-06-05 02:58:18', NULL),
	(352, 353, 0.00, 0.00, 0.00, 28000.00, 0.00, 0.00, '2018-06-05 02:58:18', NULL),
	(353, 354, 0.00, 0.00, 0.00, 0.00, 0.00, 0.00, '2018-06-05 02:58:18', NULL),
	(354, 355, 0.00, 0.00, 0.00, 22000.00, 0.00, 0.00, '2018-06-05 02:58:18', NULL),
	(355, 356, 0.00, 0.00, 0.00, 25000.00, 0.00, 0.00, '2018-06-05 02:58:18', NULL),
	(356, 357, 8770.18, 0.00, 0.00, 22000.00, 0.00, 0.00, '2018-06-05 02:58:18', NULL),
	(357, 358, 0.00, 0.00, 0.00, 22000.00, 0.00, 0.00, '2018-06-05 02:58:18', NULL),
	(358, 359, 21000.00, 0.00, 0.00, 23000.00, 0.00, 0.00, '2018-06-05 02:58:18', NULL),
	(359, 360, 0.00, 0.00, 0.00, 21000.00, 0.00, 0.00, '2018-06-05 02:58:18', NULL),
	(360, 361, 8116.82, 0.00, 0.00, 24000.00, 0.00, 0.00, '2018-06-05 02:58:18', NULL),
	(361, 362, 14645.98, 0.00, 0.00, 26000.00, 0.00, 0.00, '2018-06-05 02:58:18', NULL),
	(362, 363, 0.00, 0.00, 0.00, 26000.00, 0.00, 0.00, '2018-06-05 02:58:18', NULL),
	(363, 364, 15000.00, 0.00, 0.00, 26000.00, 0.00, 0.00, '2018-06-05 02:58:18', NULL),
	(364, 365, 0.00, 0.00, 0.00, 24000.00, 0.00, 0.00, '2018-06-05 02:58:18', NULL),
	(365, 366, 0.00, 0.00, 0.00, 24000.00, 0.00, 0.00, '2018-06-05 02:58:18', NULL),
	(366, 367, 0.00, 0.00, 0.00, 24000.00, 0.00, 0.00, '2018-06-05 02:58:18', NULL),
	(367, 368, 0.00, 0.00, 0.00, 25000.00, 0.00, 0.00, '2018-06-05 02:58:18', NULL),
	(368, 369, 0.00, 0.00, 0.00, 30000.00, 0.00, 0.00, '2018-06-05 02:58:18', NULL),
	(369, 370, 3500.00, 0.00, 0.00, 0.00, 0.00, 0.00, '2018-06-05 02:58:18', NULL),
	(370, 371, 5500.00, 0.00, 0.00, 0.00, 0.00, 0.00, '2018-06-05 02:58:18', NULL),
	(371, 372, 0.00, 0.00, 0.00, 20000.00, 0.00, 0.00, '2018-06-05 02:58:18', NULL),
	(372, 373, 0.00, 0.00, 0.00, 13000.00, 0.00, 0.00, '2018-06-05 02:58:18', NULL),
	(373, 374, 0.00, 0.00, 0.00, 19000.00, 0.00, 0.00, '2018-06-05 02:58:18', NULL),
	(374, 375, 0.00, 0.00, 0.00, 15000.00, 0.00, 0.00, '2018-06-05 02:58:18', NULL),
	(375, 376, 0.00, 0.00, 0.00, 12000.00, 0.00, 0.00, '2018-06-05 02:58:18', NULL),
	(376, 377, 106000.00, 0.00, 0.00, 96000.00, 0.00, 0.00, '2018-06-05 02:58:18', NULL),
	(377, 378, 0.00, 0.00, 0.00, 87500.00, 0.00, 0.00, '2018-06-05 02:58:18', NULL),
	(378, 379, 210000.00, 0.00, 0.00, 225000.00, 0.00, 0.00, '2018-06-05 02:58:18', NULL),
	(379, 380, 0.00, 0.00, 0.00, 220000.00, 0.00, 0.00, '2018-06-05 02:58:18', NULL),
	(380, 381, 12000.00, 0.00, 0.00, 12000.00, 0.00, 0.00, '2018-06-05 02:58:18', NULL),
	(381, 382, 0.00, 0.00, 0.00, 12500.00, 0.00, 0.00, '2018-06-05 02:58:18', NULL),
	(382, 383, 0.00, 0.00, 0.00, 14000.00, 0.00, 0.00, '2018-06-05 02:58:18', NULL),
	(383, 384, 0.00, 0.00, 0.00, 12000.00, 0.00, 0.00, '2018-06-05 02:58:18', NULL),
	(384, 385, 0.00, 0.00, 0.00, 12000.00, 0.00, 0.00, '2018-06-05 02:58:18', NULL),
	(385, 386, 0.00, 0.00, 0.00, 16000.00, 0.00, 0.00, '2018-06-05 02:58:18', NULL),
	(386, 387, 97000.00, 0.00, 0.00, 115000.00, 0.00, 0.00, '2018-06-05 02:58:18', NULL),
	(387, 388, 0.00, 0.00, 0.00, 36000.00, 0.00, 0.00, '2018-06-05 02:58:18', NULL),
	(388, 389, 28675.00, 0.00, 0.00, 35000.00, 0.00, 0.00, '2018-06-05 02:58:18', NULL),
	(389, 390, 0.00, 0.00, 0.00, 36000.00, 0.00, 0.00, '2018-06-05 02:58:18', NULL),
	(390, 391, 110760.00, 0.00, 0.00, 130000.00, 0.00, 0.00, '2018-06-05 02:58:18', NULL),
	(391, 392, 0.00, 0.00, 0.00, 0.00, 0.00, 0.00, '2018-06-05 02:58:18', NULL),
	(392, 393, 0.00, 0.00, 0.00, 0.00, 0.00, 0.00, '2018-06-05 02:58:18', NULL),
	(393, 394, 0.00, 0.00, 0.00, 0.00, 0.00, 0.00, '2018-06-05 02:58:18', NULL),
	(394, 395, 0.00, 0.00, 0.00, 0.00, 0.00, 0.00, '2018-06-05 02:58:18', NULL),
	(395, 396, 0.00, 0.00, 0.00, 35000.00, 0.00, 0.00, '2018-06-05 02:58:18', NULL),
	(396, 397, 0.00, 0.00, 0.00, 35000.00, 0.00, 0.00, '2018-06-05 02:58:18', NULL),
	(397, 398, 0.00, 0.00, 0.00, 30000.00, 0.00, 0.00, '2018-06-05 02:58:18', NULL),
	(398, 399, 0.00, 0.00, 0.00, 0.00, 0.00, 0.00, '2018-06-05 02:58:18', NULL),
	(399, 400, 50000.00, 0.00, 0.00, 0.00, 0.00, 0.00, '2018-06-05 02:58:18', NULL),
	(400, 401, 0.00, 0.00, 0.00, 200000.00, 0.00, 0.00, '2018-06-05 02:58:18', NULL),
	(401, 402, 0.00, 0.00, 0.00, 30500.00, 0.00, 0.00, '2018-06-05 02:58:18', NULL),
	(402, 403, 0.00, 0.00, 0.00, 3000.00, 0.00, 0.00, '2018-06-05 02:58:18', NULL),
	(403, 404, 0.00, 0.00, 0.00, 20000.00, 0.00, 0.00, '2018-06-05 02:58:18', NULL),
	(404, 405, 1550000.00, 0.00, 0.00, 1950000.00, 0.00, 0.00, '2018-06-05 02:58:18', NULL),
	(405, 406, 0.00, 0.00, 0.00, 15000.00, 0.00, 0.00, '2018-06-05 02:58:18', NULL),
	(406, 407, 0.00, 0.00, 0.00, 30000.00, 0.00, 0.00, '2018-06-05 02:58:18', NULL),
	(407, 408, 230.00, 0.00, 0.00, 35000.00, 0.00, 0.00, '2018-06-05 02:58:18', NULL),
	(408, 409, 0.00, 0.00, 0.00, 35000.00, 0.00, 0.00, '2018-06-05 02:58:18', NULL),
	(409, 410, 0.00, 0.00, 0.00, 40000.00, 0.00, 0.00, '2018-06-05 02:58:18', NULL),
	(410, 411, 0.00, 0.00, 0.00, 0.00, 0.00, 0.00, '2018-06-05 02:58:18', NULL),
	(411, 412, 0.00, 0.00, 0.00, 0.00, 0.00, 0.00, '2018-06-05 02:58:18', NULL),
	(412, 413, 0.00, 0.00, 0.00, 0.00, 0.00, 0.00, '2018-06-05 02:58:18', NULL),
	(413, 414, 0.00, 0.00, 0.00, 500000.00, 0.00, 0.00, '2018-06-05 02:58:18', NULL),
	(414, 415, 0.00, 0.00, 0.00, 320000.00, 0.00, 0.00, '2018-06-05 02:58:18', NULL),
	(415, 416, 0.00, 0.00, 0.00, 420000.00, 0.00, 0.00, '2018-06-05 02:58:18', NULL),
	(416, 417, 290000.00, 0.00, 0.00, 370000.00, 0.00, 0.00, '2018-06-05 02:58:18', NULL),
	(417, 418, 0.00, 0.00, 0.00, 470000.00, 0.00, 0.00, '2018-06-05 02:58:18', NULL),
	(418, 419, 335000.00, 0.00, 0.00, 420000.00, 0.00, 0.00, '2018-06-05 02:58:18', NULL),
	(419, 420, 435000.00, 0.00, 0.00, 520000.00, 0.00, 0.00, '2018-06-05 02:58:18', NULL),
	(420, 422, 0.00, 0.00, 0.00, 18000.00, 0.00, 0.00, '2018-06-05 02:58:18', NULL),
	(421, 423, 1400000.00, 0.00, 0.00, 1700000.00, 0.00, 0.00, '2018-06-05 02:58:18', NULL),
	(422, 424, 60000.00, 0.00, 0.00, 200000.00, 0.00, 0.00, '2018-06-05 02:58:18', NULL),
	(423, 425, 0.00, 0.00, 0.00, 24000.00, 0.00, 0.00, '2018-06-05 02:58:18', NULL),
	(424, 426, 0.00, 0.00, 0.00, 22000.00, 0.00, 0.00, '2018-06-05 02:58:18', NULL),
	(425, 427, 0.00, 0.00, 0.00, 110000.00, 0.00, 0.00, '2018-06-05 02:58:18', NULL),
	(426, 428, 0.00, 0.00, 0.00, 400000.00, 0.00, 0.00, '2018-06-05 02:58:18', NULL),
	(427, 429, 0.00, 0.00, 0.00, 90000.00, 0.00, 0.00, '2018-06-05 02:58:18', NULL),
	(428, 430, 59280.00, 0.00, 0.00, 55000.00, 0.00, 0.00, '2018-06-05 02:58:18', NULL),
	(429, 431, 0.00, 0.00, 0.00, 110000.00, 0.00, 0.00, '2018-06-05 02:58:18', NULL),
	(430, 432, 17500.00, 0.00, 0.00, 19500.00, 0.00, 0.00, '2018-06-05 02:58:18', NULL),
	(431, 433, 0.00, 0.00, 0.00, 22000.00, 0.00, 0.00, '2018-06-05 02:58:18', NULL),
	(432, 434, 0.00, 0.00, 0.00, 2300000.00, 0.00, 0.00, '2018-06-05 02:58:18', NULL),
	(433, 435, 0.00, 0.00, 0.00, 10000.00, 0.00, 0.00, '2018-06-05 02:58:18', NULL),
	(434, 436, 0.00, 0.00, 0.00, 218000.00, 0.00, 0.00, '2018-06-05 02:58:18', NULL),
	(435, 437, 0.00, 0.00, 0.00, 115000.00, 0.00, 0.00, '2018-06-05 02:58:18', NULL),
	(436, 438, 1800.00, 0.00, 0.00, 2500.00, 0.00, 0.00, '2018-06-05 02:58:18', NULL),
	(437, 439, 0.00, 0.00, 0.00, 3000000.00, 0.00, 0.00, '2018-06-05 02:58:18', NULL),
	(438, 440, 52910.00, 0.00, 0.00, 63000.00, 0.00, 0.00, '2018-06-05 02:58:18', NULL),
	(439, 441, 0.00, 0.00, 0.00, 0.00, 0.00, 0.00, '2018-06-05 02:58:18', NULL),
	(440, 442, 250000.00, 0.00, 0.00, 270000.00, 0.00, 0.00, '2018-06-05 02:58:18', NULL),
	(441, 443, 195000.00, 0.00, 0.00, 225000.00, 0.00, 0.00, '2018-06-05 02:58:18', NULL),
	(442, 444, 0.00, 0.00, 0.00, 16000.00, 0.00, 0.00, '2018-06-05 02:58:18', NULL),
	(443, 445, 0.00, 0.00, 0.00, 60000.00, 0.00, 0.00, '2018-06-05 02:58:18', NULL),
	(444, 446, 0.00, 0.00, 0.00, 115000.00, 0.00, 0.00, '2018-06-05 02:58:18', NULL),
	(445, 447, 15500.00, 0.00, 0.00, 17000.00, 0.00, 0.00, '2018-06-05 02:58:18', NULL),
	(446, 448, 0.00, 0.00, 0.00, 16500.00, 0.00, 0.00, '2018-06-05 02:58:18', NULL),
	(447, 449, 10000.00, 0.00, 0.00, 13000.00, 0.00, 0.00, '2018-06-05 02:58:18', NULL),
	(448, 450, 201000.00, 0.00, 0.00, 230000.00, 0.00, 0.00, '2018-06-05 02:58:18', NULL),
	(449, 451, 0.00, 0.00, 0.00, 122000.00, 0.00, 0.00, '2018-06-05 02:58:18', NULL),
	(450, 452, 0.00, 0.00, 0.00, 51000.00, 0.00, 0.00, '2018-06-05 02:58:18', NULL),
	(451, 453, 41000.00, 0.00, 0.00, 51000.00, 0.00, 0.00, '2018-06-05 02:58:18', NULL),
	(452, 454, 41000.00, 0.00, 0.00, 51000.00, 0.00, 0.00, '2018-06-05 02:58:18', NULL),
	(453, 455, 41000.00, 0.00, 0.00, 51000.00, 0.00, 0.00, '2018-06-05 02:58:18', NULL),
	(454, 456, 50000.00, 0.00, 0.00, 0.00, 0.00, 0.00, '2018-06-05 02:58:18', NULL),
	(455, 457, 41000.00, 0.00, 0.00, 51000.00, 0.00, 0.00, '2018-06-05 02:58:18', NULL),
	(456, 458, 0.00, 0.00, 0.00, 51000.00, 0.00, 0.00, '2018-06-05 02:58:18', NULL),
	(457, 459, 41000.00, 0.00, 0.00, 51000.00, 0.00, 0.00, '2018-06-05 02:58:18', NULL),
	(458, 460, 41000.00, 0.00, 0.00, 51000.00, 0.00, 0.00, '2018-06-05 02:58:18', NULL),
	(459, 461, 0.00, 0.00, 0.00, 219000.00, 0.00, 0.00, '2018-06-05 02:58:18', NULL),
	(460, 462, 0.00, 0.00, 0.00, 0.00, 0.00, 0.00, '2018-06-05 02:58:18', NULL),
	(461, 463, 0.00, 0.00, 0.00, 23600.00, 0.00, 0.00, '2018-06-05 02:58:18', NULL),
	(462, 464, 0.00, 0.00, 0.00, 23600.00, 0.00, 0.00, '2018-06-05 02:58:18', NULL),
	(463, 465, 0.00, 0.00, 0.00, 6000.00, 0.00, 0.00, '2018-06-05 02:58:18', NULL),
	(464, 466, 0.00, 0.00, 0.00, 11700.00, 0.00, 0.00, '2018-06-05 02:58:18', NULL),
	(465, 467, 0.00, 0.00, 0.00, 7900.00, 0.00, 0.00, '2018-06-05 02:58:18', NULL),
	(466, 468, 0.00, 0.00, 0.00, 1900.00, 0.00, 0.00, '2018-06-05 02:58:18', NULL),
	(467, 469, 0.00, 0.00, 0.00, 46200.00, 0.00, 0.00, '2018-06-05 02:58:18', NULL),
	(468, 470, 0.00, 0.00, 0.00, 22700.00, 0.00, 0.00, '2018-06-05 02:58:18', NULL),
	(469, 471, 0.00, 0.00, 0.00, 77900.00, 0.00, 0.00, '2018-06-05 02:58:18', NULL),
	(470, 472, 0.00, 0.00, 0.00, 20700.00, 0.00, 0.00, '2018-06-05 02:58:18', NULL),
	(471, 473, 0.00, 0.00, 0.00, 28400.00, 0.00, 0.00, '2018-06-05 02:58:18', NULL),
	(472, 474, 0.00, 0.00, 0.00, 35400.00, 0.00, 0.00, '2018-06-05 02:58:18', NULL),
	(473, 475, 0.00, 0.00, 0.00, 63100.00, 0.00, 0.00, '2018-06-05 02:58:18', NULL),
	(474, 476, 0.00, 0.00, 0.00, 42600.00, 0.00, 0.00, '2018-06-05 02:58:18', NULL),
	(475, 477, 0.00, 0.00, 0.00, 34300.00, 0.00, 0.00, '2018-06-05 02:58:18', NULL),
	(476, 478, 0.00, 0.00, 0.00, 12400.00, 0.00, 0.00, '2018-06-05 02:58:18', NULL),
	(477, 479, 0.00, 0.00, 0.00, 16000.00, 0.00, 0.00, '2018-06-05 02:58:18', NULL),
	(478, 480, 0.00, 0.00, 0.00, 110000.00, 0.00, 0.00, '2018-06-05 02:58:18', NULL),
	(479, 481, 0.00, 0.00, 0.00, 75000.00, 0.00, 0.00, '2018-06-05 02:58:18', NULL),
	(480, 482, 440.00, 0.00, 0.00, 60000.00, 0.00, 0.00, '2018-06-05 02:58:18', NULL),
	(481, 483, 0.00, 0.00, 0.00, 55000.00, 0.00, 0.00, '2018-06-05 02:58:18', NULL),
	(482, 484, 0.00, 0.00, 0.00, 2400000.00, 0.00, 0.00, '2018-06-05 02:58:18', NULL),
	(483, 485, 0.00, 0.00, 0.00, 2200000.00, 0.00, 0.00, '2018-06-05 02:58:18', NULL),
	(484, 486, 11000.00, 0.00, 0.00, 17000.00, 0.00, 0.00, '2018-06-05 02:58:18', NULL),
	(485, 487, 90000.00, 0.00, 0.00, 110000.00, 0.00, 0.00, '2018-06-05 02:58:18', NULL),
	(486, 488, 16095.00, 0.00, 0.00, 23000.00, 0.00, 0.00, '2018-06-05 02:58:18', NULL),
	(487, 489, 21367.50, 0.00, 0.00, 28000.00, 0.00, 0.00, '2018-06-05 02:58:18', NULL),
	(488, 490, 0.00, 0.00, 0.00, 300000.00, 0.00, 0.00, '2018-06-05 02:58:18', NULL),
	(489, 491, 0.00, 0.00, 0.00, 40000.00, 0.00, 0.00, '2018-06-05 02:58:18', NULL),
	(490, 492, 0.00, 0.00, 0.00, 45000.00, 0.00, 0.00, '2018-06-05 02:58:18', NULL),
	(491, 493, 0.00, 0.00, 0.00, 70000.00, 0.00, 0.00, '2018-06-05 02:58:18', NULL),
	(492, 494, 0.00, 0.00, 0.00, 110000.00, 0.00, 0.00, '2018-06-05 02:58:18', NULL),
	(493, 495, 0.00, 0.00, 0.00, 113000.00, 0.00, 0.00, '2018-06-05 02:58:18', NULL),
	(494, 496, 65212.50, 0.00, 0.00, 75000.00, 0.00, 0.00, '2018-06-05 02:58:18', NULL),
	(495, 497, 0.00, 0.00, 0.00, 375000.00, 0.00, 0.00, '2018-06-05 02:58:18', NULL),
	(496, 498, 0.00, 0.00, 0.00, 30000.00, 0.00, 0.00, '2018-06-05 02:58:18', NULL),
	(497, 499, 0.00, 0.00, 0.00, 30000.00, 0.00, 0.00, '2018-06-05 02:58:18', NULL),
	(498, 500, 0.00, 0.00, 0.00, 102000.00, 0.00, 0.00, '2018-06-05 02:58:18', NULL),
	(499, 501, 0.00, 0.00, 0.00, 102000.00, 0.00, 0.00, '2018-06-05 02:58:18', NULL),
	(500, 502, 18000.00, 0.00, 0.00, 20000.00, 0.00, 0.00, '2018-06-05 02:58:18', NULL),
	(501, 503, 0.00, 0.00, 0.00, 45000.00, 0.00, 0.00, '2018-06-05 02:58:18', NULL),
	(502, 504, 0.00, 0.00, 0.00, 45000.00, 0.00, 0.00, '2018-06-05 02:58:18', NULL),
	(503, 505, 216520.00, 0.00, 0.00, 257000.00, 0.00, 0.00, '2018-06-05 02:58:18', NULL),
	(504, 506, 0.00, 0.00, 0.00, 425000.00, 0.00, 0.00, '2018-06-05 02:58:18', NULL),
	(505, 507, 0.00, 0.00, 0.00, 450000.00, 0.00, 0.00, '2018-06-05 02:58:18', NULL),
	(506, 508, 0.00, 0.00, 0.00, 20000.00, 0.00, 0.00, '2018-06-05 02:58:18', NULL),
	(507, 509, 0.00, 0.00, 0.00, 24000.00, 0.00, 0.00, '2018-06-05 02:58:18', NULL),
	(508, 510, 0.00, 0.00, 0.00, 20000.00, 0.00, 0.00, '2018-06-05 02:58:18', NULL),
	(509, 511, 0.00, 0.00, 0.00, 20000.00, 0.00, 0.00, '2018-06-05 02:58:18', NULL),
	(510, 512, 0.00, 0.00, 0.00, 13500.00, 0.00, 0.00, '2018-06-05 02:58:18', NULL),
	(511, 513, 0.00, 0.00, 0.00, 20000.00, 0.00, 0.00, '2018-06-05 02:58:18', NULL),
	(512, 514, 28000.00, 0.00, 0.00, 24000.00, 0.00, 0.00, '2018-06-05 02:58:18', NULL),
	(513, 515, 25000.00, 0.00, 0.00, 29000.00, 0.00, 0.00, '2018-06-05 02:58:18', NULL),
	(514, 516, 17000.00, 0.00, 0.00, 21000.00, 0.00, 0.00, '2018-06-05 02:58:18', NULL),
	(515, 517, 23000.00, 0.00, 0.00, 24000.00, 0.00, 0.00, '2018-06-05 02:58:18', NULL),
	(516, 518, 0.00, 0.00, 0.00, 20000.00, 0.00, 0.00, '2018-06-05 02:58:18', NULL),
	(517, 519, 0.00, 0.00, 0.00, 22500.00, 0.00, 0.00, '2018-06-05 02:58:18', NULL),
	(518, 520, 27000.00, 0.00, 0.00, 30000.00, 0.00, 0.00, '2018-06-05 02:58:18', NULL),
	(519, 521, 0.00, 0.00, 0.00, 18000.00, 0.00, 0.00, '2018-06-05 02:58:18', NULL),
	(520, 522, 16000.00, 0.00, 0.00, 18000.00, 0.00, 0.00, '2018-06-05 02:58:18', NULL),
	(521, 523, 0.00, 0.00, 0.00, 21000.00, 0.00, 0.00, '2018-06-05 02:58:18', NULL),
	(522, 524, 0.00, 0.00, 0.00, 20000.00, 0.00, 0.00, '2018-06-05 02:58:18', NULL),
	(523, 525, 20000.00, 0.00, 0.00, 14000.00, 0.00, 0.00, '2018-06-05 02:58:18', NULL),
	(524, 526, 0.00, 0.00, 0.00, 15000.00, 0.00, 0.00, '2018-06-05 02:58:18', NULL),
	(525, 527, 0.00, 0.00, 0.00, 225000.00, 0.00, 0.00, '2018-06-05 02:58:18', NULL),
	(526, 528, 10000.00, 0.00, 0.00, 15000.00, 0.00, 0.00, '2018-06-05 02:58:18', NULL),
	(527, 529, 57500.00, 0.00, 0.00, 68000.00, 0.00, 0.00, '2018-06-05 02:58:18', NULL),
	(528, 530, 45000.00, 0.00, 0.00, 55000.00, 0.00, 0.00, '2018-06-05 02:58:18', NULL),
	(529, 531, 0.00, 0.00, 0.00, 108000.00, 0.00, 0.00, '2018-06-05 02:58:18', NULL),
	(530, 532, 0.00, 0.00, 0.00, 27500.00, 0.00, 0.00, '2018-06-05 02:58:18', NULL),
	(531, 533, 0.00, 0.00, 0.00, 15000.00, 0.00, 0.00, '2018-06-05 02:58:18', NULL),
	(532, 534, 0.00, 0.00, 0.00, 30500.00, 0.00, 0.00, '2018-06-05 02:58:18', NULL),
	(533, 535, 0.00, 0.00, 0.00, 30000.00, 0.00, 0.00, '2018-06-05 02:58:18', NULL),
	(534, 536, 0.00, 0.00, 0.00, 800000.00, 0.00, 0.00, '2018-06-05 02:58:18', NULL),
	(535, 537, 15000.00, 0.00, 0.00, 18000.00, 0.00, 0.00, '2018-06-05 02:58:18', NULL),
	(536, 538, 0.00, 0.00, 0.00, 535000.00, 0.00, 0.00, '2018-06-05 02:58:18', NULL),
	(537, 539, 0.00, 0.00, 0.00, 48000.00, 0.00, 0.00, '2018-06-05 02:58:18', NULL),
	(538, 540, 0.00, 0.00, 0.00, 36000.00, 0.00, 0.00, '2018-06-05 02:58:18', NULL),
	(539, 541, 0.00, 0.00, 0.00, 39000.00, 0.00, 0.00, '2018-06-05 02:58:18', NULL),
	(540, 542, 0.00, 0.00, 0.00, 47000.00, 0.00, 0.00, '2018-06-05 02:58:18', NULL),
	(541, 543, 0.00, 0.00, 0.00, 34000.00, 0.00, 0.00, '2018-06-05 02:58:18', NULL),
	(542, 544, 0.00, 0.00, 0.00, 15000.00, 0.00, 0.00, '2018-06-05 02:58:18', NULL),
	(543, 545, 6500.00, 0.00, 0.00, 7000.00, 0.00, 0.00, '2018-06-05 02:58:18', NULL),
	(544, 546, 0.00, 0.00, 0.00, 6000.00, 0.00, 0.00, '2018-06-05 02:58:18', NULL),
	(545, 547, 0.00, 0.00, 0.00, 0.00, 0.00, 0.00, '2018-06-05 02:58:18', NULL),
	(546, 548, 0.00, 0.00, 0.00, 37000.00, 0.00, 0.00, '2018-06-05 02:58:18', NULL),
	(547, 549, 0.00, 0.00, 0.00, 90000.00, 0.00, 0.00, '2018-06-05 02:58:18', NULL),
	(548, 550, 0.00, 0.00, 0.00, 25000.00, 0.00, 0.00, '2018-06-05 02:58:18', NULL),
	(549, 551, 0.00, 0.00, 0.00, 50000.00, 0.00, 0.00, '2018-06-05 02:58:18', NULL),
	(550, 552, 0.00, 0.00, 0.00, 10000.00, 0.00, 0.00, '2018-06-05 02:58:18', NULL),
	(551, 553, 18000.00, 0.00, 0.00, 17000.00, 0.00, 0.00, '2018-06-05 02:58:18', NULL),
	(552, 554, 0.00, 0.00, 0.00, 0.00, 0.00, 0.00, '2018-06-05 02:58:18', NULL),
	(553, 555, 0.00, 0.00, 0.00, 21000.00, 0.00, 0.00, '2018-06-05 02:58:18', NULL),
	(554, 556, 18000.00, 0.00, 0.00, 21000.00, 0.00, 0.00, '2018-06-05 02:58:18', NULL),
	(555, 557, 0.00, 0.00, 0.00, 21000.00, 0.00, 0.00, '2018-06-05 02:58:18', NULL),
	(556, 558, 0.00, 0.00, 0.00, 300000.00, 0.00, 0.00, '2018-06-05 02:58:18', NULL),
	(557, 559, 0.00, 0.00, 0.00, 11000.00, 0.00, 0.00, '2018-06-05 02:58:18', NULL),
	(558, 560, 0.00, 0.00, 0.00, 28000.00, 0.00, 0.00, '2018-06-05 02:58:18', NULL),
	(559, 561, 11000.00, 0.00, 0.00, 10500.00, 0.00, 0.00, '2018-06-05 02:58:18', NULL),
	(560, 562, 0.00, 0.00, 0.00, 37000.00, 0.00, 0.00, '2018-06-05 02:58:18', NULL),
	(561, 563, 216520.00, 0.00, 0.00, 257000.00, 0.00, 0.00, '2018-06-05 02:58:18', NULL),
	(562, 564, 0.00, 0.00, 0.00, 30400.00, 0.00, 0.00, '2018-06-05 02:58:18', NULL),
	(563, 565, 0.00, 0.00, 0.00, 30875.00, 0.00, 0.00, '2018-06-05 02:58:18', NULL),
	(564, 566, 0.00, 0.00, 0.00, 29450.00, 0.00, 0.00, '2018-06-05 02:58:18', NULL),
	(565, 567, 0.00, 0.00, 0.00, 117250.00, 0.00, 0.00, '2018-06-05 02:58:18', NULL),
	(566, 568, 0.00, 0.00, 0.00, 125000.00, 0.00, 0.00, '2018-06-05 02:58:18', NULL),
	(567, 569, 5415.00, 0.00, 0.00, 0.00, 0.00, 0.00, '2018-06-05 02:58:18', NULL),
	(568, 570, 0.00, 0.00, 0.00, 0.00, 0.00, 0.00, '2018-06-05 02:58:18', NULL),
	(569, 571, 0.00, 0.00, 0.00, 0.00, 0.00, 0.00, '2018-06-05 02:58:18', NULL),
	(570, 572, 0.00, 0.00, 0.00, 16000.00, 0.00, 0.00, '2018-06-05 02:58:18', NULL),
	(571, 574, 0.00, 0.00, 0.00, 0.00, 0.00, 0.00, '2018-06-05 02:58:18', NULL),
	(572, 575, 0.00, 0.00, 0.00, 0.00, 0.00, 0.00, '2018-06-05 02:58:18', NULL),
	(573, 576, 0.00, 0.00, 0.00, 0.00, 0.00, 0.00, '2018-06-05 02:58:18', NULL),
	(574, 577, 0.00, 0.00, 0.00, 72000.00, 0.00, 0.00, '2018-06-05 02:58:18', NULL),
	(575, 578, 0.00, 0.00, 0.00, 72000.00, 0.00, 0.00, '2018-06-05 02:58:18', NULL),
	(576, 579, 0.00, 0.00, 0.00, 72000.00, 0.00, 0.00, '2018-06-05 02:58:18', NULL),
	(577, 580, 0.00, 0.00, 0.00, 72000.00, 0.00, 0.00, '2018-06-05 02:58:18', NULL),
	(578, 581, 0.00, 0.00, 0.00, 72000.00, 0.00, 0.00, '2018-06-05 02:58:18', NULL),
	(579, 582, 0.00, 0.00, 0.00, 72000.00, 0.00, 0.00, '2018-06-05 02:58:18', NULL),
	(580, 583, 0.00, 0.00, 0.00, 72000.00, 0.00, 0.00, '2018-06-05 02:58:18', NULL),
	(581, 584, 0.00, 0.00, 0.00, 72000.00, 0.00, 0.00, '2018-06-05 02:58:18', NULL),
	(582, 585, 0.00, 0.00, 0.00, 72000.00, 0.00, 0.00, '2018-06-05 02:58:18', NULL),
	(583, 586, 0.00, 0.00, 0.00, 72000.00, 0.00, 0.00, '2018-06-05 02:58:18', NULL),
	(584, 587, 0.00, 0.00, 0.00, 72000.00, 0.00, 0.00, '2018-06-05 02:58:18', NULL),
	(585, 588, 0.00, 0.00, 0.00, 72000.00, 0.00, 0.00, '2018-06-05 02:58:18', NULL),
	(586, 589, 0.00, 0.00, 0.00, 72000.00, 0.00, 0.00, '2018-06-05 02:58:18', NULL),
	(587, 590, 0.00, 0.00, 0.00, 72000.00, 0.00, 0.00, '2018-06-05 02:58:18', NULL),
	(588, 591, 0.00, 0.00, 0.00, 72000.00, 0.00, 0.00, '2018-06-05 02:58:18', NULL),
	(589, 592, 0.00, 0.00, 0.00, 72000.00, 0.00, 0.00, '2018-06-05 02:58:18', NULL),
	(590, 593, 0.00, 0.00, 0.00, 35000.00, 0.00, 0.00, '2018-06-05 02:58:18', NULL),
	(591, 594, 0.00, 0.00, 0.00, 72000.00, 0.00, 0.00, '2018-06-05 02:58:18', NULL),
	(592, 595, 0.00, 0.00, 0.00, 72000.00, 0.00, 0.00, '2018-06-05 02:58:18', NULL),
	(593, 596, 0.00, 0.00, 0.00, 72000.00, 0.00, 0.00, '2018-06-05 02:58:18', NULL),
	(594, 597, 0.00, 0.00, 0.00, 72000.00, 0.00, 0.00, '2018-06-05 02:58:18', NULL),
	(595, 598, 0.00, 0.00, 0.00, 51000.00, 0.00, 0.00, '2018-06-05 02:58:18', NULL),
	(596, 599, 41000.00, 0.00, 0.00, 51000.00, 0.00, 0.00, '2018-06-05 02:58:18', NULL),
	(597, 600, 0.00, 0.00, 0.00, 51000.00, 0.00, 0.00, '2018-06-05 02:58:18', NULL),
	(598, 601, 0.00, 0.00, 0.00, 51000.00, 0.00, 0.00, '2018-06-05 02:58:18', NULL),
	(599, 602, 41000.00, 0.00, 0.00, 51000.00, 0.00, 0.00, '2018-06-05 02:58:18', NULL),
	(600, 603, 0.00, 0.00, 0.00, 51000.00, 0.00, 0.00, '2018-06-05 02:58:18', NULL),
	(601, 604, 41000.00, 0.00, 0.00, 51000.00, 0.00, 0.00, '2018-06-05 02:58:18', NULL),
	(602, 605, 41000.00, 0.00, 0.00, 51000.00, 0.00, 0.00, '2018-06-05 02:58:18', NULL),
	(603, 606, 0.00, 0.00, 0.00, 51000.00, 0.00, 0.00, '2018-06-05 02:58:18', NULL),
	(604, 607, 0.00, 0.00, 0.00, 51000.00, 0.00, 0.00, '2018-06-05 02:58:18', NULL),
	(605, 608, 0.00, 0.00, 0.00, 51000.00, 0.00, 0.00, '2018-06-05 02:58:18', NULL),
	(606, 609, 0.00, 0.00, 0.00, 51000.00, 0.00, 0.00, '2018-06-05 02:58:18', NULL),
	(607, 610, 0.00, 0.00, 0.00, 51000.00, 0.00, 0.00, '2018-06-05 02:58:18', NULL),
	(608, 611, 0.00, 0.00, 0.00, 72000.00, 0.00, 0.00, '2018-06-05 02:58:18', NULL),
	(609, 612, 23000.00, 0.00, 0.00, 50000.00, 0.00, 0.00, '2018-06-05 02:58:18', NULL),
	(610, 613, 0.00, 0.00, 0.00, 50000.00, 0.00, 0.00, '2018-06-05 02:58:18', NULL),
	(611, 614, 0.00, 0.00, 0.00, 50000.00, 0.00, 0.00, '2018-06-05 02:58:18', NULL),
	(612, 615, 0.00, 0.00, 0.00, 50000.00, 0.00, 0.00, '2018-06-05 02:58:18', NULL),
	(613, 616, 0.00, 0.00, 0.00, 50000.00, 0.00, 0.00, '2018-06-05 02:58:18', NULL),
	(614, 617, 0.00, 0.00, 0.00, 50000.00, 0.00, 0.00, '2018-06-05 02:58:18', NULL),
	(615, 618, 0.00, 0.00, 0.00, 50000.00, 0.00, 0.00, '2018-06-05 02:58:18', NULL),
	(616, 619, 0.00, 0.00, 0.00, 50000.00, 0.00, 0.00, '2018-06-05 02:58:18', NULL),
	(617, 620, 0.00, 0.00, 0.00, 50000.00, 0.00, 0.00, '2018-06-05 02:58:18', NULL),
	(618, 621, 0.00, 0.00, 0.00, 50000.00, 0.00, 0.00, '2018-06-05 02:58:18', NULL),
	(619, 622, 0.00, 0.00, 0.00, 50000.00, 0.00, 0.00, '2018-06-05 02:58:18', NULL),
	(620, 623, 0.00, 0.00, 0.00, 50000.00, 0.00, 0.00, '2018-06-05 02:58:18', NULL),
	(621, 624, 0.00, 0.00, 0.00, 50000.00, 0.00, 0.00, '2018-06-05 02:58:18', NULL),
	(622, 625, 0.00, 0.00, 0.00, 50000.00, 0.00, 0.00, '2018-06-05 02:58:18', NULL),
	(623, 626, 0.00, 0.00, 0.00, 50000.00, 0.00, 0.00, '2018-06-05 02:58:18', NULL),
	(624, 627, 0.00, 0.00, 0.00, 50000.00, 0.00, 0.00, '2018-06-05 02:58:18', NULL),
	(625, 628, 0.00, 0.00, 0.00, 50000.00, 0.00, 0.00, '2018-06-05 02:58:18', NULL),
	(626, 629, 0.00, 0.00, 0.00, 50000.00, 0.00, 0.00, '2018-06-05 02:58:18', NULL),
	(627, 630, 27000.00, 0.00, 0.00, 50000.00, 0.00, 0.00, '2018-06-05 02:58:18', NULL),
	(628, 631, 41000.00, 0.00, 0.00, 0.00, 0.00, 0.00, '2018-06-05 02:58:18', NULL),
	(629, 632, 23000.00, 0.00, 0.00, 27500.00, 0.00, 0.00, '2018-06-05 02:58:18', NULL),
	(630, 633, 0.00, 0.00, 0.00, 20000.00, 0.00, 0.00, '2018-06-05 02:58:18', NULL),
	(631, 634, 0.00, 0.00, 0.00, 0.00, 0.00, 0.00, '2018-06-05 02:58:18', NULL),
	(632, 635, 0.00, 0.00, 0.00, 0.00, 0.00, 0.00, '2018-06-05 02:58:18', NULL),
	(633, 636, 0.00, 0.00, 0.00, 0.00, 0.00, 0.00, '2018-06-05 02:58:18', NULL),
	(634, 637, 18000.00, 0.00, 0.00, 21000.00, 0.00, 0.00, '2018-06-05 02:58:18', NULL),
	(635, 638, 0.00, 0.00, 0.00, 19000.00, 0.00, 0.00, '2018-06-05 02:58:18', NULL),
	(636, 639, 18000.00, 0.00, 0.00, 20000.00, 0.00, 0.00, '2018-06-05 02:58:18', NULL),
	(637, 640, 0.00, 0.00, 0.00, 19000.00, 0.00, 0.00, '2018-06-05 02:58:18', NULL),
	(638, 641, 0.00, 0.00, 0.00, 20000.00, 0.00, 0.00, '2018-06-05 02:58:18', NULL),
	(639, 642, 0.00, 0.00, 0.00, 0.00, 0.00, 0.00, '2018-06-05 02:58:18', NULL),
	(640, 643, 0.00, 0.00, 0.00, 0.00, 0.00, 0.00, '2018-06-05 02:58:18', NULL),
	(641, 644, 0.00, 0.00, 0.00, 0.00, 0.00, 0.00, '2018-06-05 02:58:18', NULL),
	(642, 645, 0.00, 0.00, 0.00, 0.00, 0.00, 0.00, '2018-06-05 02:58:18', NULL),
	(643, 647, 800.00, 8000.00, 8000.00, 0.00, 0.00, 0.00, '2018-07-03 04:05:25', NULL),
	(644, 648, 3500.00, 42000.00, 42000.00, 0.00, 0.00, 0.00, '2018-07-03 04:12:09', NULL),
	(645, 651, 1200.00, 24000.00, 24000.00, 0.00, 0.00, 0.00, '2018-07-03 04:18:37', NULL);
/*!40000 ALTER TABLE `m_price` ENABLE KEYS */;

-- Dumping structure for table bisnis_tamma.m_satuan
CREATE TABLE IF NOT EXISTS `m_satuan` (
  `m_sid` int(11) NOT NULL AUTO_INCREMENT,
  `m_scode` varchar(50) DEFAULT NULL,
  `m_sname` varchar(50) DEFAULT NULL,
  `m_sdetname` varchar(50) DEFAULT NULL,
  `m_screate` timestamp NULL DEFAULT CURRENT_TIMESTAMP,
  `m_supdate` timestamp NULL DEFAULT NULL,
  PRIMARY KEY (`m_sid`)
) ENGINE=InnoDB AUTO_INCREMENT=13 DEFAULT CHARSET=latin1;

-- Dumping data for table bisnis_tamma.m_satuan: ~12 rows (approximately)
/*!40000 ALTER TABLE `m_satuan` DISABLE KEYS */;
INSERT INTO `m_satuan` (`m_sid`, `m_scode`, `m_sname`, `m_sdetname`, `m_screate`, `m_supdate`) VALUES
	(1, 'ST-00001', 'PACK', 'PACK', '2018-06-06 12:57:10', NULL),
	(2, 'ST-00002', 'UNIT', 'UNIT', '2018-06-06 12:57:34', NULL),
	(3, 'ST-00003', 'KG', 'KILOGRAM', '2018-07-03 15:29:07', NULL),
	(4, 'ST-00004', 'PCS', 'PIECES', '2018-07-03 15:29:22', NULL),
	(5, 'ST-00005', 'KLG', 'KALENG', '2018-07-03 16:16:03', NULL),
	(6, 'ST-00006', 'BTL', 'BOTOL', '2018-07-04 00:39:45', NULL),
	(7, 'ST-00007', 'LTR', 'LITER', '2018-07-04 00:40:08', NULL),
	(8, 'ST-00008', 'GR', 'GRAM', '2018-07-04 00:45:16', NULL),
	(9, 'ST-00009', 'ONS', 'ONS', '2018-07-04 00:45:35', NULL),
	(10, 'ST-00010', 'LBR', 'LEMBAR', '2018-07-04 00:46:03', NULL),
	(11, 'ST-00011', 'MTR', 'METER', '2018-07-04 00:46:22', NULL),
	(12, 'ST-00012', 'PJK', 'PAJAK', '2018-07-04 00:57:22', NULL);
/*!40000 ALTER TABLE `m_satuan` ENABLE KEYS */;

-- Dumping structure for table bisnis_tamma.m_stock_cabang
CREATE TABLE IF NOT EXISTS `m_stock_cabang` (
  `sc_id` int(11) NOT NULL AUTO_INCREMENT,
  `sc_name` varchar(50) DEFAULT NULL,
  PRIMARY KEY (`sc_id`)
) ENGINE=InnoDB AUTO_INCREMENT=25 DEFAULT CHARSET=latin1;

-- Dumping data for table bisnis_tamma.m_stock_cabang: ~24 rows (approximately)
/*!40000 ALTER TABLE `m_stock_cabang` DISABLE KEYS */;
INSERT INTO `m_stock_cabang` (`sc_id`, `sc_name`) VALUES
	(1, 'Gudang Bahan Baku Master 1'),
	(2, 'Gudang Bahan Baku Master 2'),
	(3, 'Gudang Bahan Baku Cabang 1'),
	(4, 'Gudang Bahan Baku Cabang 2'),
	(5, 'Gudang Grosir Master 1'),
	(6, 'Gudang Grosir Master 2'),
	(7, 'Gudang Grosir Cabang 1'),
	(8, 'Gudang Grosir Cabang 2'),
	(9, 'Gudang Retail Master 1'),
	(10, 'Gudang Retail Master 2'),
	(11, 'Gudang Retail Cabang 1'),
	(12, 'Gudang Retail Cabang 2'),
	(13, 'Gudang Customer Master 1'),
	(14, 'Gudang Customer Master 2'),
	(15, 'Gudang Customer Cabang 1'),
	(16, 'Gudang Customer Cabang 2'),
	(17, 'Gudang Produksi Master 1'),
	(18, 'Gudang Produksi Master 2'),
	(19, 'Gudang Produksi Cabang 1'),
	(20, 'Gudang Produksi Cabang 2'),
	(21, 'Gudang Sending Master 1'),
	(22, 'Gudang Sending Master 2'),
	(23, 'Gudang Sending Cabang 1'),
	(24, 'Gudang Sending Cabang 2');
/*!40000 ALTER TABLE `m_stock_cabang` ENABLE KEYS */;

-- Dumping structure for table bisnis_tamma.m_users
CREATE TABLE IF NOT EXISTS `m_users` (
  `id` int(10) unsigned NOT NULL AUTO_INCREMENT,
  `name` varchar(255) NOT NULL,
  `email` varchar(255) NOT NULL,
  `username` varchar(255) NOT NULL,
  `password` varchar(255) NOT NULL,
  `remember_token` varchar(100) DEFAULT NULL,
  `created_at` timestamp NULL DEFAULT NULL,
  `updated_at` timestamp NULL DEFAULT NULL,
  PRIMARY KEY (`id`)
) ENGINE=InnoDB AUTO_INCREMENT=3 DEFAULT CHARSET=latin1 ROW_FORMAT=DYNAMIC;

-- Dumping data for table bisnis_tamma.m_users: ~2 rows (approximately)
/*!40000 ALTER TABLE `m_users` DISABLE KEYS */;
INSERT INTO `m_users` (`id`, `name`, `email`, `username`, `password`, `remember_token`, `created_at`, `updated_at`) VALUES
	(1, 'amdin1', 'admin22@gmail.com', 'admin', '$2y$10$hFooeUmTUWV5bmY8HMPvJOEo1kGC/CqEWeWtX226xvM4qgMUBP6oe', 'IAuRvsCRBpGsCDZuxcWNByFrpMnMUsqiClo78vkRjmV2cJLZGQpQMbVnGetI', '2017-12-19 06:20:05', '2018-04-02 05:26:19'),
	(2, 'Bravo', 'bravo@bravo.com', 'bravo', '$2y$10$ORK70cBLfoFFcXBJFNFwFeIPpUKnk3Vf3ro/0GZOGYfDLntxxFzF6', 'swMqwu1kNY36uWl56Rmsqssjtvp7I5u7QJGVVofjXNIgrkjKcB9MbHanhxjL', '2018-02-03 01:46:43', '2018-02-03 01:46:51');
/*!40000 ALTER TABLE `m_users` ENABLE KEYS */;

-- Dumping structure for table bisnis_tamma.password_resets
CREATE TABLE IF NOT EXISTS `password_resets` (
  `email` varchar(255) NOT NULL,
  `token` varchar(255) NOT NULL,
  `created_at` varchar(50) NOT NULL
) ENGINE=MyISAM DEFAULT CHARSET=latin1 ROW_FORMAT=DYNAMIC;

-- Dumping data for table bisnis_tamma.password_resets: 110 rows
/*!40000 ALTER TABLE `password_resets` DISABLE KEYS */;
INSERT INTO `password_resets` (`email`, `token`, `created_at`) VALUES
	('bravo@bravo.com', 'cf414a57670872d4bd8c1b0f18d3509f5deb06a0c579f51ca494b81d4dc4e8c9', '2018-02-03 01:48:46'),
	('bravo@bravo.com', 'cf414a57670872d4bd8c1b0f18d3509f5deb06a0c579f51ca494b81d4dc4e8c9', '2018-02-03 01:48:46'),
	('bravo@bravo.com', 'cf414a57670872d4bd8c1b0f18d3509f5deb06a0c579f51ca494b81d4dc4e8c9', '2018-02-03 01:48:46'),
	('bravo@bravo.com', 'cf414a57670872d4bd8c1b0f18d3509f5deb06a0c579f51ca494b81d4dc4e8c9', '2018-02-03 01:48:46'),
	('bravo@bravo.com', 'cf414a57670872d4bd8c1b0f18d3509f5deb06a0c579f51ca494b81d4dc4e8c9', '2018-02-03 01:48:46'),
	('bravo@bravo.com', 'cf414a57670872d4bd8c1b0f18d3509f5deb06a0c579f51ca494b81d4dc4e8c9', '2018-02-03 01:48:46'),
	('bravo@bravo.com', 'cf414a57670872d4bd8c1b0f18d3509f5deb06a0c579f51ca494b81d4dc4e8c9', '2018-02-03 01:48:46'),
	('bravo@bravo.com', 'cf414a57670872d4bd8c1b0f18d3509f5deb06a0c579f51ca494b81d4dc4e8c9', '2018-02-03 01:48:46'),
	('bravo@bravo.com', 'cf414a57670872d4bd8c1b0f18d3509f5deb06a0c579f51ca494b81d4dc4e8c9', '2018-02-03 01:48:46'),
	('bravo@bravo.com', 'cf414a57670872d4bd8c1b0f18d3509f5deb06a0c579f51ca494b81d4dc4e8c9', '2018-02-03 01:48:46'),
	('bravo@bravo.com', 'cf414a57670872d4bd8c1b0f18d3509f5deb06a0c579f51ca494b81d4dc4e8c9', '2018-02-03 01:48:46'),
	('bravo@bravo.com', 'cf414a57670872d4bd8c1b0f18d3509f5deb06a0c579f51ca494b81d4dc4e8c9', '2018-02-03 01:48:46'),
	('bravo@bravo.com', 'cf414a57670872d4bd8c1b0f18d3509f5deb06a0c579f51ca494b81d4dc4e8c9', '2018-02-03 01:48:46'),
	('bravo@bravo.com', 'cf414a57670872d4bd8c1b0f18d3509f5deb06a0c579f51ca494b81d4dc4e8c9', '2018-02-03 01:48:46'),
	('bravo@bravo.com', 'cf414a57670872d4bd8c1b0f18d3509f5deb06a0c579f51ca494b81d4dc4e8c9', '2018-02-03 01:48:46'),
	('bravo@bravo.com', 'cf414a57670872d4bd8c1b0f18d3509f5deb06a0c579f51ca494b81d4dc4e8c9', '2018-02-03 01:48:46'),
	('bravo@bravo.com', 'cf414a57670872d4bd8c1b0f18d3509f5deb06a0c579f51ca494b81d4dc4e8c9', '2018-02-03 01:48:46'),
	('bravo@bravo.com', 'cf414a57670872d4bd8c1b0f18d3509f5deb06a0c579f51ca494b81d4dc4e8c9', '2018-02-03 01:48:46'),
	('bravo@bravo.com', 'cf414a57670872d4bd8c1b0f18d3509f5deb06a0c579f51ca494b81d4dc4e8c9', '2018-02-03 01:48:46'),
	('bravo@bravo.com', 'cf414a57670872d4bd8c1b0f18d3509f5deb06a0c579f51ca494b81d4dc4e8c9', '2018-02-03 01:48:46'),
	('bravo@bravo.com', 'cf414a57670872d4bd8c1b0f18d3509f5deb06a0c579f51ca494b81d4dc4e8c9', '2018-02-03 01:48:46'),
	('bravo@bravo.com', 'cf414a57670872d4bd8c1b0f18d3509f5deb06a0c579f51ca494b81d4dc4e8c9', '2018-02-03 01:48:46'),
	('bravo@bravo.com', 'cf414a57670872d4bd8c1b0f18d3509f5deb06a0c579f51ca494b81d4dc4e8c9', '2018-02-03 01:48:46'),
	('bravo@bravo.com', 'cf414a57670872d4bd8c1b0f18d3509f5deb06a0c579f51ca494b81d4dc4e8c9', '2018-02-03 01:48:46'),
	('bravo@bravo.com', 'cf414a57670872d4bd8c1b0f18d3509f5deb06a0c579f51ca494b81d4dc4e8c9', '2018-02-03 01:48:46'),
	('bravo@bravo.com', 'cf414a57670872d4bd8c1b0f18d3509f5deb06a0c579f51ca494b81d4dc4e8c9', '2018-02-03 01:48:46'),
	('bravo@bravo.com', 'cf414a57670872d4bd8c1b0f18d3509f5deb06a0c579f51ca494b81d4dc4e8c9', '2018-02-03 01:48:46'),
	('bravo@bravo.com', 'cf414a57670872d4bd8c1b0f18d3509f5deb06a0c579f51ca494b81d4dc4e8c9', '2018-02-03 01:48:46'),
	('bravo@bravo.com', 'cf414a57670872d4bd8c1b0f18d3509f5deb06a0c579f51ca494b81d4dc4e8c9', '2018-02-03 01:48:46'),
	('bravo@bravo.com', 'cf414a57670872d4bd8c1b0f18d3509f5deb06a0c579f51ca494b81d4dc4e8c9', '2018-02-03 01:48:46'),
	('bravo@bravo.com', 'cf414a57670872d4bd8c1b0f18d3509f5deb06a0c579f51ca494b81d4dc4e8c9', '2018-02-03 01:48:46'),
	('bravo@bravo.com', 'cf414a57670872d4bd8c1b0f18d3509f5deb06a0c579f51ca494b81d4dc4e8c9', '2018-02-03 01:48:46'),
	('bravo@bravo.com', 'cf414a57670872d4bd8c1b0f18d3509f5deb06a0c579f51ca494b81d4dc4e8c9', '2018-02-03 01:48:46'),
	('bravo@bravo.com', 'cf414a57670872d4bd8c1b0f18d3509f5deb06a0c579f51ca494b81d4dc4e8c9', '2018-02-03 01:48:46'),
	('bravo@bravo.com', 'cf414a57670872d4bd8c1b0f18d3509f5deb06a0c579f51ca494b81d4dc4e8c9', '2018-02-03 01:48:46'),
	('bravo@bravo.com', 'cf414a57670872d4bd8c1b0f18d3509f5deb06a0c579f51ca494b81d4dc4e8c9', '2018-02-03 01:48:46'),
	('bravo@bravo.com', 'cf414a57670872d4bd8c1b0f18d3509f5deb06a0c579f51ca494b81d4dc4e8c9', '2018-02-03 01:48:46'),
	('bravo@bravo.com', 'cf414a57670872d4bd8c1b0f18d3509f5deb06a0c579f51ca494b81d4dc4e8c9', '2018-02-03 01:48:46'),
	('bravo@bravo.com', 'cf414a57670872d4bd8c1b0f18d3509f5deb06a0c579f51ca494b81d4dc4e8c9', '2018-02-03 01:48:46'),
	('bravo@bravo.com', 'cf414a57670872d4bd8c1b0f18d3509f5deb06a0c579f51ca494b81d4dc4e8c9', '2018-02-03 01:48:46'),
	('bravo@bravo.com', 'cf414a57670872d4bd8c1b0f18d3509f5deb06a0c579f51ca494b81d4dc4e8c9', '2018-02-03 01:48:46'),
	('bravo@bravo.com', 'cf414a57670872d4bd8c1b0f18d3509f5deb06a0c579f51ca494b81d4dc4e8c9', '2018-02-03 01:48:46'),
	('bravo@bravo.com', 'cf414a57670872d4bd8c1b0f18d3509f5deb06a0c579f51ca494b81d4dc4e8c9', '2018-02-03 01:48:46'),
	('bravo@bravo.com', 'cf414a57670872d4bd8c1b0f18d3509f5deb06a0c579f51ca494b81d4dc4e8c9', '2018-02-03 01:48:46'),
	('bravo@bravo.com', 'cf414a57670872d4bd8c1b0f18d3509f5deb06a0c579f51ca494b81d4dc4e8c9', '2018-02-03 01:48:46'),
	('bravo@bravo.com', 'cf414a57670872d4bd8c1b0f18d3509f5deb06a0c579f51ca494b81d4dc4e8c9', '2018-02-03 01:48:46'),
	('bravo@bravo.com', 'cf414a57670872d4bd8c1b0f18d3509f5deb06a0c579f51ca494b81d4dc4e8c9', '2018-02-03 01:48:46'),
	('bravo@bravo.com', 'cf414a57670872d4bd8c1b0f18d3509f5deb06a0c579f51ca494b81d4dc4e8c9', '2018-02-03 01:48:46'),
	('bravo@bravo.com', 'cf414a57670872d4bd8c1b0f18d3509f5deb06a0c579f51ca494b81d4dc4e8c9', '2018-02-03 01:48:46'),
	('bravo@bravo.com', 'cf414a57670872d4bd8c1b0f18d3509f5deb06a0c579f51ca494b81d4dc4e8c9', '2018-02-03 01:48:46'),
	('bravo@bravo.com', 'cf414a57670872d4bd8c1b0f18d3509f5deb06a0c579f51ca494b81d4dc4e8c9', '2018-02-03 01:48:46'),
	('bravo@bravo.com', 'cf414a57670872d4bd8c1b0f18d3509f5deb06a0c579f51ca494b81d4dc4e8c9', '2018-02-03 01:48:46'),
	('bravo@bravo.com', 'cf414a57670872d4bd8c1b0f18d3509f5deb06a0c579f51ca494b81d4dc4e8c9', '2018-02-03 01:48:46'),
	('bravo@bravo.com', 'cf414a57670872d4bd8c1b0f18d3509f5deb06a0c579f51ca494b81d4dc4e8c9', '2018-02-03 01:48:46'),
	('bravo@bravo.com', 'cf414a57670872d4bd8c1b0f18d3509f5deb06a0c579f51ca494b81d4dc4e8c9', '2018-02-03 01:48:46'),
	('bravo@bravo.com', 'cf414a57670872d4bd8c1b0f18d3509f5deb06a0c579f51ca494b81d4dc4e8c9', '2018-02-03 01:48:46'),
	('bravo@bravo.com', 'cf414a57670872d4bd8c1b0f18d3509f5deb06a0c579f51ca494b81d4dc4e8c9', '2018-02-03 01:48:46'),
	('bravo@bravo.com', 'cf414a57670872d4bd8c1b0f18d3509f5deb06a0c579f51ca494b81d4dc4e8c9', '2018-02-03 01:48:46'),
	('bravo@bravo.com', 'cf414a57670872d4bd8c1b0f18d3509f5deb06a0c579f51ca494b81d4dc4e8c9', '2018-02-03 01:48:46'),
	('bravo@bravo.com', 'cf414a57670872d4bd8c1b0f18d3509f5deb06a0c579f51ca494b81d4dc4e8c9', '2018-02-03 01:48:46'),
	('bravo@bravo.com', 'cf414a57670872d4bd8c1b0f18d3509f5deb06a0c579f51ca494b81d4dc4e8c9', '2018-02-03 01:48:46'),
	('bravo@bravo.com', 'cf414a57670872d4bd8c1b0f18d3509f5deb06a0c579f51ca494b81d4dc4e8c9', '2018-02-03 01:48:46'),
	('bravo@bravo.com', 'cf414a57670872d4bd8c1b0f18d3509f5deb06a0c579f51ca494b81d4dc4e8c9', '2018-02-03 01:48:46'),
	('bravo@bravo.com', 'cf414a57670872d4bd8c1b0f18d3509f5deb06a0c579f51ca494b81d4dc4e8c9', '2018-02-03 01:48:46'),
	('bravo@bravo.com', 'cf414a57670872d4bd8c1b0f18d3509f5deb06a0c579f51ca494b81d4dc4e8c9', '2018-02-03 01:48:46'),
	('bravo@bravo.com', 'cf414a57670872d4bd8c1b0f18d3509f5deb06a0c579f51ca494b81d4dc4e8c9', '2018-02-03 01:48:46'),
	('bravo@bravo.com', 'cf414a57670872d4bd8c1b0f18d3509f5deb06a0c579f51ca494b81d4dc4e8c9', '2018-02-03 01:48:46'),
	('bravo@bravo.com', 'cf414a57670872d4bd8c1b0f18d3509f5deb06a0c579f51ca494b81d4dc4e8c9', '2018-02-03 01:48:46'),
	('bravo@bravo.com', 'cf414a57670872d4bd8c1b0f18d3509f5deb06a0c579f51ca494b81d4dc4e8c9', '2018-02-03 01:48:46'),
	('bravo@bravo.com', 'cf414a57670872d4bd8c1b0f18d3509f5deb06a0c579f51ca494b81d4dc4e8c9', '2018-02-03 01:48:46'),
	('bravo@bravo.com', 'cf414a57670872d4bd8c1b0f18d3509f5deb06a0c579f51ca494b81d4dc4e8c9', '2018-02-03 01:48:46'),
	('bravo@bravo.com', 'cf414a57670872d4bd8c1b0f18d3509f5deb06a0c579f51ca494b81d4dc4e8c9', '2018-02-03 01:48:46'),
	('bravo@bravo.com', 'cf414a57670872d4bd8c1b0f18d3509f5deb06a0c579f51ca494b81d4dc4e8c9', '2018-02-03 01:48:46'),
	('bravo@bravo.com', 'cf414a57670872d4bd8c1b0f18d3509f5deb06a0c579f51ca494b81d4dc4e8c9', '2018-02-03 01:48:46'),
	('bravo@bravo.com', 'cf414a57670872d4bd8c1b0f18d3509f5deb06a0c579f51ca494b81d4dc4e8c9', '2018-02-03 01:48:46'),
	('bravo@bravo.com', 'cf414a57670872d4bd8c1b0f18d3509f5deb06a0c579f51ca494b81d4dc4e8c9', '2018-02-03 01:48:46'),
	('bravo@bravo.com', 'cf414a57670872d4bd8c1b0f18d3509f5deb06a0c579f51ca494b81d4dc4e8c9', '2018-02-03 01:48:46'),
	('bravo@bravo.com', 'cf414a57670872d4bd8c1b0f18d3509f5deb06a0c579f51ca494b81d4dc4e8c9', '2018-02-03 01:48:46'),
	('bravo@bravo.com', 'cf414a57670872d4bd8c1b0f18d3509f5deb06a0c579f51ca494b81d4dc4e8c9', '2018-02-03 01:48:46'),
	('bravo@bravo.com', 'cf414a57670872d4bd8c1b0f18d3509f5deb06a0c579f51ca494b81d4dc4e8c9', '2018-02-03 01:48:46'),
	('bravo@bravo.com', 'cf414a57670872d4bd8c1b0f18d3509f5deb06a0c579f51ca494b81d4dc4e8c9', '2018-02-03 01:48:46'),
	('bravo@bravo.com', 'cf414a57670872d4bd8c1b0f18d3509f5deb06a0c579f51ca494b81d4dc4e8c9', '2018-02-03 01:48:46'),
	('bravo@bravo.com', 'cf414a57670872d4bd8c1b0f18d3509f5deb06a0c579f51ca494b81d4dc4e8c9', '2018-02-03 01:48:46'),
	('bravo@bravo.com', 'cf414a57670872d4bd8c1b0f18d3509f5deb06a0c579f51ca494b81d4dc4e8c9', '2018-02-03 01:48:46'),
	('bravo@bravo.com', 'cf414a57670872d4bd8c1b0f18d3509f5deb06a0c579f51ca494b81d4dc4e8c9', '2018-02-03 01:48:46'),
	('bravo@bravo.com', 'cf414a57670872d4bd8c1b0f18d3509f5deb06a0c579f51ca494b81d4dc4e8c9', '2018-02-03 01:48:46'),
	('bravo@bravo.com', 'cf414a57670872d4bd8c1b0f18d3509f5deb06a0c579f51ca494b81d4dc4e8c9', '2018-02-03 01:48:46'),
	('bravo@bravo.com', 'cf414a57670872d4bd8c1b0f18d3509f5deb06a0c579f51ca494b81d4dc4e8c9', '2018-02-03 01:48:46'),
	('bravo@bravo.com', 'cf414a57670872d4bd8c1b0f18d3509f5deb06a0c579f51ca494b81d4dc4e8c9', '2018-02-03 01:48:46'),
	('bravo@bravo.com', 'cf414a57670872d4bd8c1b0f18d3509f5deb06a0c579f51ca494b81d4dc4e8c9', '2018-02-03 01:48:46'),
	('bravo@bravo.com', 'cf414a57670872d4bd8c1b0f18d3509f5deb06a0c579f51ca494b81d4dc4e8c9', '2018-02-03 01:48:46'),
	('bravo@bravo.com', 'cf414a57670872d4bd8c1b0f18d3509f5deb06a0c579f51ca494b81d4dc4e8c9', '2018-02-03 01:48:46'),
	('bravo@bravo.com', 'cf414a57670872d4bd8c1b0f18d3509f5deb06a0c579f51ca494b81d4dc4e8c9', '2018-02-03 01:48:46'),
	('bravo@bravo.com', 'cf414a57670872d4bd8c1b0f18d3509f5deb06a0c579f51ca494b81d4dc4e8c9', '2018-02-03 01:48:46'),
	('bravo@bravo.com', 'cf414a57670872d4bd8c1b0f18d3509f5deb06a0c579f51ca494b81d4dc4e8c9', '2018-02-03 01:48:46'),
	('bravo@bravo.com', 'cf414a57670872d4bd8c1b0f18d3509f5deb06a0c579f51ca494b81d4dc4e8c9', '2018-02-03 01:48:46'),
	('bravo@bravo.com', 'cf414a57670872d4bd8c1b0f18d3509f5deb06a0c579f51ca494b81d4dc4e8c9', '2018-02-03 01:48:46'),
	('bravo@bravo.com', 'cf414a57670872d4bd8c1b0f18d3509f5deb06a0c579f51ca494b81d4dc4e8c9', '2018-02-03 01:48:46'),
	('bravo@bravo.com', 'cf414a57670872d4bd8c1b0f18d3509f5deb06a0c579f51ca494b81d4dc4e8c9', '2018-02-03 01:48:46'),
	('bravo@bravo.com', 'cf414a57670872d4bd8c1b0f18d3509f5deb06a0c579f51ca494b81d4dc4e8c9', '2018-02-03 01:48:46'),
	('bravo@bravo.com', 'cf414a57670872d4bd8c1b0f18d3509f5deb06a0c579f51ca494b81d4dc4e8c9', '2018-02-03 01:48:46'),
	('bravo@bravo.com', 'cf414a57670872d4bd8c1b0f18d3509f5deb06a0c579f51ca494b81d4dc4e8c9', '2018-02-03 01:48:46'),
	('bravo@bravo.com', 'cf414a57670872d4bd8c1b0f18d3509f5deb06a0c579f51ca494b81d4dc4e8c9', '2018-02-03 01:48:46'),
	('bravo@bravo.com', 'cf414a57670872d4bd8c1b0f18d3509f5deb06a0c579f51ca494b81d4dc4e8c9', '2018-02-03 01:48:46'),
	('bravo@bravo.com', 'cf414a57670872d4bd8c1b0f18d3509f5deb06a0c579f51ca494b81d4dc4e8c9', '2018-02-03 01:48:46'),
	('bravo@bravo.com', 'cf414a57670872d4bd8c1b0f18d3509f5deb06a0c579f51ca494b81d4dc4e8c9', '2018-02-03 01:48:46'),
	('bravo@bravo.com', 'cf414a57670872d4bd8c1b0f18d3509f5deb06a0c579f51ca494b81d4dc4e8c9', '2018-02-03 01:48:46'),
	('bravo@bravo.com', 'cf414a57670872d4bd8c1b0f18d3509f5deb06a0c579f51ca494b81d4dc4e8c9', '2018-02-03 01:48:46'),
	('bravo@bravo.com', 'cf414a57670872d4bd8c1b0f18d3509f5deb06a0c579f51ca494b81d4dc4e8c9', '2018-02-03 01:48:46'),
	('bravo@bravo.com', 'cf414a57670872d4bd8c1b0f18d3509f5deb06a0c579f51ca494b81d4dc4e8c9', '2018-02-03 01:48:46');
/*!40000 ALTER TABLE `password_resets` ENABLE KEYS */;

-- Dumping structure for table bisnis_tamma.spk_formula
CREATE TABLE IF NOT EXISTS `spk_formula` (
  `fr_spk` int(12) DEFAULT NULL,
  `fr_detailid` int(12) DEFAULT NULL,
  `fr_formula` int(12) DEFAULT NULL,
  `fr_value` decimal(10,2) DEFAULT NULL,
  `fr_scale` varchar(50) DEFAULT NULL,
  KEY `FK_spk_formula_d_spk` (`fr_spk`),
  KEY `fr_detailid` (`fr_detailid`),
  CONSTRAINT `FK_spk_formula_d_spk` FOREIGN KEY (`fr_spk`) REFERENCES `d_spk` (`spk_id`)
) ENGINE=InnoDB DEFAULT CHARSET=latin1;

-- Dumping data for table bisnis_tamma.spk_formula: ~18 rows (approximately)
/*!40000 ALTER TABLE `spk_formula` DISABLE KEYS */;
INSERT INTO `spk_formula` (`fr_spk`, `fr_detailid`, `fr_formula`, `fr_value`, `fr_scale`) VALUES
	(1, 1, 647, 666.67, 'gr'),
	(1, 2, 49, 2.00, 'gr'),
	(1, 3, 54, 10.00, 'ml'),
	(1, 4, 7, 28.00, 'ml'),
	(1, 5, 142, 1.00, 'gr'),
	(1, 6, 646, 2.00, 'gr'),
	(1, 7, 648, 83.33, 'gr'),
	(1, 8, 3, 66.67, 'kg'),
	(1, 9, 48, 500.00, 'gr'),
	(2, 1, 647, 666.67, 'gr'),
	(2, 2, 49, 2000.00, 'gr'),
	(2, 3, 54, 10000.00, 'ml'),
	(2, 4, 7, 28333.33, 'ml'),
	(2, 5, 142, 1083.33, 'gr'),
	(2, 6, 646, 2500.00, 'gr'),
	(2, 7, 648, 83.33, 'gr'),
	(2, 8, 3, 66.67, 'kg'),
	(2, 9, 48, 500.00, 'gr');
/*!40000 ALTER TABLE `spk_formula` ENABLE KEYS */;

-- Dumping structure for table bisnis_tamma.users
CREATE TABLE IF NOT EXISTS `users` (
  `id` int(10) unsigned NOT NULL AUTO_INCREMENT,
  `name` varchar(255) NOT NULL,
  `email` varchar(255) NOT NULL,
  `username` varchar(255) NOT NULL,
  `password` varchar(255) NOT NULL,
  `remember_token` varchar(100) DEFAULT NULL,
  `created_at` timestamp NULL DEFAULT NULL,
  `updated_at` timestamp NULL DEFAULT NULL,
  PRIMARY KEY (`id`)
) ENGINE=MyISAM AUTO_INCREMENT=3 DEFAULT CHARSET=latin1 ROW_FORMAT=DYNAMIC;

-- Dumping data for table bisnis_tamma.users: 2 rows
/*!40000 ALTER TABLE `users` DISABLE KEYS */;
INSERT INTO `users` (`id`, `name`, `email`, `username`, `password`, `remember_token`, `created_at`, `updated_at`) VALUES
	(1, 'amdin1', 'admin22@gmail.com', 'admin', '$2y$10$hFooeUmTUWV5bmY8HMPvJOEo1kGC/CqEWeWtX226xvM4qgMUBP6oe', 'P8GCWFWR07E2tnEmThy5o3WA90r9lnpzPhb7sybctW3jQKfdNvwINfay2J9s', '2017-12-19 06:20:05', '2018-03-12 07:18:22'),
	(2, 'Bravo', 'bravo@bravo.com', 'bravo', '$2y$10$ORK70cBLfoFFcXBJFNFwFeIPpUKnk3Vf3ro/0GZOGYfDLntxxFzF6', 'swMqwu1kNY36uWl56Rmsqssjtvp7I5u7QJGVVofjXNIgrkjKcB9MbHanhxjL', '2018-02-03 01:46:43', '2018-02-03 01:46:51');
/*!40000 ALTER TABLE `users` ENABLE KEYS */;

/*!40101 SET SQL_MODE=IFNULL(@OLD_SQL_MODE, '') */;
/*!40014 SET FOREIGN_KEY_CHECKS=IF(@OLD_FOREIGN_KEY_CHECKS IS NULL, 1, @OLD_FOREIGN_KEY_CHECKS) */;
/*!40101 SET CHARACTER_SET_CLIENT=@OLD_CHARACTER_SET_CLIENT */;
